UserID,Timestamp
1,2025-08-19 23:11:06
1,2025-08-19 23:11:07
1,2025-08-19 23:11:07
1,2025-08-19 23:11:07
1,2025-08-19 23:11:07
1,2025-08-19 23:11:07
1,2025-08-19 23:11:07
1,2025-08-19 23:11:07
1,2025-08-19 23:11:07
1,2025-08-19 23:11:07
1,2025-08-19 23:11:07
1,2025-08-19 23:11:07
1,2025-08-19 23:11:07
1,2025-08-19 23:11:08
1,2025-08-19 23:11:08
1,2025-08-19 23:11:08
1,2025-08-19 23:11:08
1,2025-08-19 23:11:08
1,2025-08-19 23:11:08
1,2025-08-19 23:11:08
1,2025-08-19 23:11:08
1,2025-08-19 23:11:08
1,2025-08-19 23:11:08
1,2025-08-19 23:11:08
1,2025-08-19 23:11:09
1,2025-08-19 23:11:09
1,2025-08-19 23:11:09
1,2025-08-19 23:11:09
1,2025-08-19 23:11:09
1,2025-08-19 23:11:09
1,2025-08-19 23:11:09
1,2025-08-19 23:11:09
1,2025-08-19 23:11:09
1,2025-08-19 23:11:09
1,2025-08-19 23:11:09
1,2025-08-19 23:11:10
1,2025-08-19 23:11:11
1,2025-08-19 23:11:11
1,2025-08-19 23:11:11
1,2025-08-19 23:11:11
1,2025-08-19 23:11:11
1,2025-08-19 23:11:11
1,2025-08-19 23:11:11
1,2025-08-19 23:11:11
1,2025-08-19 23:11:11
1,2025-08-19 23:11:11
1,2025-08-19 23:11:11
1,2025-08-19 23:11:11
1,2025-08-19 23:11:12
1,2025-08-19 23:11:12
1,2025-08-19 23:11:12
1,2025-08-19 23:11:12
1,2025-08-19 23:11:12
1,2025-08-19 23:13:10
1,2025-08-19 23:13:10
1,2025-08-19 23:13:10
1,2025-08-19 23:13:10
1,2025-08-19 23:13:10
1,2025-08-19 23:13:10
1,2025-08-19 23:13:10
1,2025-08-19 23:13:10
1,2025-08-19 23:13:10
1,2025-08-19 23:13:10
1,2025-08-19 23:13:11
1,2025-08-19 23:13:11
1,2025-08-19 23:13:11
1,2025-08-19 23:13:11
1,2025-08-19 23:13:11
1,2025-08-19 23:13:11
1,2025-08-19 23:13:11
1,2025-08-19 23:13:11
1,2025-08-19 23:13:11
1,2025-08-19 23:13:11
1,2025-08-19 23:13:11
1,2025-08-19 23:13:11
1,2025-08-19 23:13:12
1,2025-08-19 23:13:12
1,2025-08-19 23:13:12
1,2025-08-19 23:13:12
1,2025-08-19 23:13:12
1,2025-08-19 23:13:12
1,2025-08-19 23:13:12
1,2025-08-19 23:13:12
1,2025-08-19 23:13:12
1,2025-08-19 23:13:12
1,2025-08-19 23:13:12
1,2025-08-19 23:13:12
1,2025-08-19 23:13:12
1,2025-08-19 23:13:13
1,2025-08-19 23:13:13
1,2025-08-19 23:13:13
1,2025-08-19 23:13:13
1,2025-08-19 23:13:13
1,2025-08-19 23:13:13
1,2025-08-19 23:13:13
1,2025-08-19 23:13:13
1,2025-08-19 23:13:13
1,2025-08-19 23:13:13
1,2025-08-19 23:13:13
1,2025-08-19 23:13:13
1,2025-08-19 23:13:13
1,2025-08-19 23:13:13
1,2025-08-19 23:13:14
1,2025-08-19 23:13:14
1,2025-08-19 23:13:14
1,2025-08-19 23:13:14
1,2025-08-19 23:13:14
1,2025-08-19 23:13:14
1,2025-08-19 23:13:14
1,2025-08-19 23:13:14
1,2025-08-19 23:13:14
1,2025-08-19 23:13:14
1,2025-08-19 23:13:14
1,2025-08-19 23:13:14
1,2025-08-19 23:13:15
1,2025-08-19 23:13:15
1,2025-08-19 23:13:15
1,2025-08-19 23:13:15
1,2025-08-19 23:13:15
1,2025-08-19 23:13:15
1,2025-08-19 23:13:15
1,2025-08-19 23:13:15
1,2025-08-19 23:13:15
1,2025-08-19 23:13:15
1,2025-08-19 23:13:15
1,2025-08-19 23:13:15
1,2025-08-19 23:13:15
1,2025-08-19 23:13:15
1,2025-08-19 23:13:16
1,2025-08-19 23:13:16
1,2025-08-19 23:13:16
1,2025-08-19 23:13:16
1,2025-08-19 23:13:16
1,2025-08-19 23:13:16
1,2025-08-19 23:13:16
1,2025-08-19 23:13:16
1,2025-08-19 23:13:16
1,2025-08-19 23:13:16
1,2025-08-19 23:13:16
1,2025-08-19 23:13:16
1,2025-08-19 23:13:16
1,2025-08-19 23:13:16
1,2025-08-19 23:13:17
1,2025-08-19 23:13:17
1,2025-08-19 23:13:17
1,2025-08-19 23:13:17
1,2025-08-19 23:13:17
1,2025-08-19 23:13:17
1,2025-08-19 23:13:17
1,2025-08-19 23:13:17
1,2025-08-19 23:13:17
1,2025-08-19 23:13:17
1,2025-08-19 23:13:17
1,2025-08-19 23:13:17
1,2025-08-19 23:13:17
1,2025-08-19 23:13:17
1,2025-08-19 23:13:17
1,2025-08-19 23:13:18
1,2025-08-19 23:13:18
1,2025-08-19 23:13:18
1,2025-08-19 23:13:18
1,2025-08-19 23:13:18
1,2025-08-19 23:13:18
1,2025-08-19 23:13:18
1,2025-08-19 23:13:18
1,2025-08-19 23:13:18
1,2025-08-19 23:13:18
1,2025-08-19 23:13:18
1,2025-08-19 23:13:18
1,2025-08-19 23:13:18
1,2025-08-19 23:13:19
1,2025-08-19 23:13:19
1,2025-08-19 23:13:19
1,2025-08-19 23:13:19
1,2025-08-19 23:13:19
1,2025-08-19 23:13:19
1,2025-08-19 23:13:19
1,2025-08-19 23:13:19
1,2025-08-19 23:13:19
1,2025-08-19 23:13:19
1,2025-08-19 23:13:19
1,2025-08-19 23:13:19
1,2025-08-19 23:13:19
1,2025-08-19 23:13:19
1,2025-08-19 23:13:20
1,2025-08-19 23:13:20
1,2025-08-19 23:13:20
1,2025-08-19 23:13:20
1,2025-08-19 23:13:20
1,2025-08-19 23:13:20
1,2025-08-19 23:13:20
1,2025-08-19 23:13:20
1,2025-08-19 23:13:20
1,2025-08-19 23:13:20
1,2025-08-19 23:13:20
1,2025-08-19 23:13:20
1,2025-08-19 23:13:20
1,2025-08-19 23:13:20
1,2025-08-19 23:13:21
1,2025-08-19 23:13:21
1,2025-08-19 23:13:21
1,2025-08-19 23:13:21
1,2025-08-19 23:13:21
1,2025-08-19 23:13:21
1,2025-08-19 23:13:21
1,2025-08-19 23:13:21
1,2025-08-19 23:13:21
1,2025-08-19 23:13:21
1,2025-08-19 23:13:21
1,2025-08-19 23:13:21
1,2025-08-19 23:13:21
1,2025-08-19 23:13:22
1,2025-08-19 23:13:22
1,2025-08-19 23:13:22
1,2025-08-19 23:13:22
1,2025-08-19 23:13:22
1,2025-08-19 23:13:22
1,2025-08-19 23:13:22
1,2025-08-19 23:13:22
1,2025-08-19 23:13:22
1,2025-08-19 23:13:22
1,2025-08-19 23:13:22
1,2025-08-19 23:13:22
1,2025-08-19 23:13:22
1,2025-08-19 23:13:22
1,2025-08-19 23:13:23
1,2025-08-19 23:13:23
1,2025-08-19 23:13:23
1,2025-08-19 23:13:23
1,2025-08-19 23:13:23
1,2025-08-19 23:13:23
1,2025-08-19 23:13:23
1,2025-08-19 23:13:23
1,2025-08-19 23:13:23
1,2025-08-19 23:13:23
1,2025-08-19 23:13:23
1,2025-08-19 23:13:23
1,2025-08-19 23:13:24
1,2025-08-19 23:13:24
1,2025-08-19 23:13:24
1,2025-08-19 23:13:24
1,2025-08-19 23:13:24
1,2025-08-19 23:13:24
1,2025-08-19 23:13:24
1,2025-08-19 23:13:24
1,2025-08-19 23:13:24
1,2025-08-19 23:13:24
1,2025-08-19 23:13:24
1,2025-08-19 23:13:24
1,2025-08-19 23:13:24
1,2025-08-19 23:13:25
1,2025-08-19 23:13:25
1,2025-08-19 23:13:25
1,2025-08-19 23:13:25
1,2025-08-19 23:13:25
1,2025-08-19 23:13:25
1,2025-08-19 23:13:25
1,2025-08-19 23:13:25
1,2025-08-19 23:13:25
1,2025-08-19 23:13:25
1,2025-08-19 23:13:25
1,2025-08-19 23:13:25
1,2025-08-19 23:13:25
1,2025-08-19 23:13:26
1,2025-08-19 23:13:26
1,2025-08-19 23:13:26
1,2025-08-19 23:13:26
1,2025-08-19 23:13:26
1,2025-08-19 23:13:26
1,2025-08-19 23:13:26
1,2025-08-19 23:13:26
1,2025-08-19 23:13:26
1,2025-08-19 23:13:26
1,2025-08-19 23:13:27
1,2025-08-19 23:13:27
1,2025-08-19 23:13:27
1,2025-08-19 23:13:27
1,2025-08-19 23:13:27
1,2025-08-19 23:13:27
1,2025-08-19 23:13:27
1,2025-08-19 23:13:27
1,2025-08-19 23:13:27
1,2025-08-19 23:13:27
1,2025-08-19 23:13:27
1,2025-08-19 23:13:27
1,2025-08-19 23:13:28
1,2025-08-19 23:13:28
1,2025-08-19 23:13:28
1,2025-08-19 23:13:28
1,2025-08-19 23:13:28
1,2025-08-19 23:13:28
1,2025-08-19 23:13:28
1,2025-08-19 23:13:28
1,2025-08-19 23:13:28
1,2025-08-19 23:13:28
1,2025-08-19 23:13:28
1,2025-08-19 23:13:29
1,2025-08-19 23:13:29
1,2025-08-19 23:13:29
1,2025-08-19 23:13:29
1,2025-08-19 23:13:29
1,2025-08-19 23:13:59
1,2025-08-19 23:14:00
1,2025-08-19 23:14:00
1,2025-08-19 23:14:00
1,2025-08-19 23:14:00
1,2025-08-19 23:14:00
1,2025-08-19 23:14:00
1,2025-08-19 23:14:00
1,2025-08-19 23:14:00
1,2025-08-19 23:14:00
1,2025-08-19 23:14:01
1,2025-08-19 23:14:01
1,2025-08-19 23:14:01
1,2025-08-19 23:14:01
1,2025-08-19 23:14:01
1,2025-08-19 23:14:01
1,2025-08-19 23:14:01
1,2025-08-19 23:14:01
1,2025-08-19 23:14:01
1,2025-08-19 23:14:01
1,2025-08-19 23:14:01
1,2025-08-19 23:14:01
1,2025-08-19 23:14:01
1,2025-08-19 23:14:02
1,2025-08-19 23:14:02
1,2025-08-19 23:14:02
1,2025-08-19 23:14:02
1,2025-08-19 23:14:02
1,2025-08-19 23:14:02
1,2025-08-19 23:14:02
1,2025-08-19 23:14:02
1,2025-08-19 23:14:02
1,2025-08-19 23:14:02
1,2025-08-19 23:14:02
1,2025-08-19 23:14:02
1,2025-08-19 23:14:03
1,2025-08-19 23:14:03
1,2025-08-19 23:14:03
1,2025-08-19 23:14:03
1,2025-08-19 23:14:03
1,2025-08-19 23:14:04
1,2025-08-19 23:14:04
1,2025-08-19 23:14:04
1,2025-08-19 23:14:04
1,2025-08-19 23:14:04
1,2025-08-19 23:14:04
1,2025-08-19 23:14:04
1,2025-08-19 23:14:04
1,2025-08-19 23:14:04
1,2025-08-19 23:14:04
1,2025-08-19 23:14:04
1,2025-08-19 23:14:04
1,2025-08-19 23:14:04
1,2025-08-19 23:14:05
1,2025-08-19 23:14:05
1,2025-08-19 23:14:05
1,2025-08-19 23:14:05
1,2025-08-19 23:14:05
1,2025-08-19 23:14:05
1,2025-08-19 23:14:05
1,2025-08-19 23:14:05
1,2025-08-19 23:14:05
1,2025-08-19 23:14:05
1,2025-08-19 23:14:05
1,2025-08-19 23:14:05
1,2025-08-19 23:14:05
1,2025-08-19 23:14:05
1,2025-08-19 23:14:05
1,2025-08-19 23:14:06
1,2025-08-19 23:14:06
1,2025-08-19 23:14:06
1,2025-08-19 23:14:06
1,2025-08-19 23:14:06
1,2025-08-19 23:16:57
1,2025-08-19 23:16:57
1,2025-08-19 23:16:57
1,2025-08-19 23:16:58
1,2025-08-19 23:16:58
1,2025-08-19 23:16:58
1,2025-08-19 23:16:58
1,2025-08-19 23:16:58
1,2025-08-19 23:16:58
1,2025-08-19 23:16:58
1,2025-08-19 23:16:58
1,2025-08-19 23:16:58
1,2025-08-19 23:16:58
1,2025-08-19 23:16:58
1,2025-08-19 23:16:58
1,2025-08-19 23:16:58
1,2025-08-19 23:16:58
1,2025-08-19 23:16:58
1,2025-08-19 23:16:59
1,2025-08-19 23:16:59
1,2025-08-19 23:16:59
1,2025-08-19 23:16:59
1,2025-08-19 23:16:59
1,2025-08-19 23:16:59
1,2025-08-19 23:16:59
1,2025-08-19 23:16:59
1,2025-08-19 23:16:59
1,2025-08-19 23:16:59
1,2025-08-19 23:16:59
1,2025-08-19 23:16:59
1,2025-08-19 23:16:59
1,2025-08-19 23:17:00
1,2025-08-19 23:17:00
1,2025-08-19 23:17:00
1,2025-08-19 23:17:00
1,2025-08-19 23:17:00
1,2025-08-19 23:17:00
1,2025-08-19 23:17:00
1,2025-08-19 23:17:00
1,2025-08-19 23:17:00
1,2025-08-19 23:17:00
1,2025-08-19 23:17:00
1,2025-08-19 23:17:00
1,2025-08-19 23:17:00
1,2025-08-19 23:17:00
1,2025-08-19 23:17:00
1,2025-08-19 23:17:01
1,2025-08-19 23:17:01
1,2025-08-19 23:17:01
1,2025-08-19 23:17:01
1,2025-08-19 23:17:01
1,2025-08-19 23:17:01
1,2025-08-19 23:17:01
1,2025-08-19 23:17:01
1,2025-08-19 23:17:01
1,2025-08-19 23:17:01
1,2025-08-19 23:17:01
1,2025-08-19 23:17:01
1,2025-08-19 23:17:01
1,2025-08-19 23:17:01
1,2025-08-19 23:17:02
1,2025-08-19 23:17:02
1,2025-08-19 23:17:02
1,2025-08-19 23:17:02
1,2025-08-19 23:17:02
1,2025-08-19 23:17:02
1,2025-08-19 23:17:02
1,2025-08-19 23:17:02
1,2025-08-19 23:17:03
1,2025-08-19 23:17:03
1,2025-08-19 23:17:03
1,2025-08-19 23:17:03
1,2025-08-19 23:17:03
1,2025-08-19 23:17:03
1,2025-08-19 23:17:03
1,2025-08-19 23:17:03
1,2025-08-19 23:17:03
1,2025-08-19 23:17:03
1,2025-08-19 23:17:03
1,2025-08-19 23:17:03
1,2025-08-19 23:17:03
1,2025-08-19 23:17:03
1,2025-08-19 23:17:04
1,2025-08-19 23:17:04
1,2025-08-19 23:17:04
1,2025-08-19 23:17:04
1,2025-08-19 23:17:04
1,2025-08-19 23:17:04
1,2025-08-19 23:17:04
1,2025-08-19 23:17:04
1,2025-08-19 23:17:04
1,2025-08-19 23:17:04
1,2025-08-19 23:17:04
1,2025-08-19 23:17:04
1,2025-08-19 23:17:04
1,2025-08-19 23:17:25
1,2025-08-19 23:17:25
1,2025-08-19 23:17:25
1,2025-08-19 23:17:25
1,2025-08-19 23:17:25
1,2025-08-19 23:17:26
1,2025-08-19 23:17:26
1,2025-08-19 23:17:26
1,2025-08-19 23:17:26
1,2025-08-19 23:17:26
1,2025-08-19 23:17:26
1,2025-08-19 23:17:26
1,2025-08-19 23:17:26
1,2025-08-19 23:17:26
1,2025-08-19 23:17:26
1,2025-08-19 23:17:26
1,2025-08-19 23:17:26
1,2025-08-19 23:17:27
1,2025-08-19 23:17:27
1,2025-08-19 23:17:27
1,2025-08-19 23:17:27
1,2025-08-19 23:17:27
1,2025-08-19 23:17:27
1,2025-08-19 23:17:27
1,2025-08-19 23:17:27
1,2025-08-19 23:17:27
1,2025-08-19 23:17:27
1,2025-08-19 23:17:27
1,2025-08-19 23:17:27
1,2025-08-19 23:17:28
1,2025-08-19 23:17:28
1,2025-08-19 23:17:28
1,2025-08-19 23:17:28
1,2025-08-19 23:17:28
1,2025-08-19 23:17:28
1,2025-08-19 23:17:28
1,2025-08-19 23:17:28
1,2025-08-19 23:17:28
1,2025-08-19 23:17:28
1,2025-08-19 23:17:28
1,2025-08-19 23:17:28
1,2025-08-19 23:17:29
1,2025-08-19 23:17:29
1,2025-08-19 23:17:29
1,2025-08-19 23:17:29
1,2025-08-19 23:17:29
1,2025-08-19 23:17:29
1,2025-08-19 23:17:29
1,2025-08-19 23:17:29
1,2025-08-19 23:17:29
1,2025-08-19 23:17:29
1,2025-08-19 23:17:29
1,2025-08-19 23:17:29
1,2025-08-19 23:17:30
1,2025-08-19 23:17:30
1,2025-08-19 23:17:30
1,2025-08-19 23:17:30
1,2025-08-19 23:17:30
1,2025-08-19 23:17:30
1,2025-08-19 23:17:30
1,2025-08-19 23:17:30
1,2025-08-19 23:17:30
1,2025-08-19 23:17:30
1,2025-08-19 23:17:30
1,2025-08-19 23:17:30
1,2025-08-19 23:17:30
1,2025-08-19 23:17:31
1,2025-08-19 23:17:31
1,2025-08-19 23:17:31
1,2025-08-19 23:17:31
1,2025-08-19 23:17:31
1,2025-08-19 23:17:31
1,2025-08-19 23:17:31
1,2025-08-19 23:17:31
1,2025-08-19 23:17:31
1,2025-08-19 23:17:31
1,2025-08-19 23:17:32
1,2025-08-19 23:17:32
1,2025-08-19 23:17:32
1,2025-08-19 23:17:32
1,2025-08-19 23:17:32
1,2025-08-19 23:17:32
1,2025-08-19 23:17:32
1,2025-08-19 23:17:33
1,2025-08-19 23:17:33
1,2025-08-19 23:17:33
1,2025-08-19 23:17:33
1,2025-08-19 23:17:33
1,2025-08-19 23:17:33
1,2025-08-19 23:17:33
1,2025-08-19 23:17:33
1,2025-08-19 23:17:33
1,2025-08-19 23:17:33
1,2025-08-19 23:17:33
1,2025-08-19 23:17:33
1,2025-08-19 23:17:33
1,2025-08-19 23:17:33
1,2025-08-19 23:17:34
1,2025-08-19 23:17:34
1,2025-08-19 23:17:34
1,2025-08-19 23:17:34
1,2025-08-19 23:17:34
1,2025-08-19 23:17:34
1,2025-08-19 23:17:34
1,2025-08-19 23:17:34
1,2025-08-19 23:17:34
1,2025-08-19 23:17:34
1,2025-08-19 23:17:34
1,2025-08-19 23:17:34
1,2025-08-19 23:17:34
1,2025-08-19 23:17:34
1,2025-08-19 23:17:35
1,2025-08-19 23:17:35
1,2025-08-19 23:17:35
1,2025-08-19 23:17:35
1,2025-08-19 23:17:35
1,2025-08-19 23:17:35
1,2025-08-19 23:17:35
1,2025-08-19 23:17:35
1,2025-08-19 23:17:35
1,2025-08-19 23:17:35
1,2025-08-19 23:17:35
1,2025-08-19 23:17:35
2,2025-08-19 23:20:41
2,2025-08-19 23:20:42
2,2025-08-19 23:20:42
2,2025-08-19 23:20:42
2,2025-08-19 23:20:42
2,2025-08-19 23:20:42
2,2025-08-19 23:20:42
2,2025-08-19 23:20:42
2,2025-08-19 23:20:42
2,2025-08-19 23:20:42
2,2025-08-19 23:20:42
2,2025-08-19 23:20:42
2,2025-08-19 23:20:43
2,2025-08-19 23:20:43
2,2025-08-19 23:20:43
2,2025-08-19 23:20:43
2,2025-08-19 23:20:43
2,2025-08-19 23:20:43
2,2025-08-19 23:20:43
2,2025-08-19 23:20:43
2,2025-08-19 23:20:43
2,2025-08-19 23:20:43
2,2025-08-19 23:20:43
2,2025-08-19 23:20:43
2,2025-08-19 23:20:44
2,2025-08-19 23:20:44
2,2025-08-19 23:20:44
2,2025-08-19 23:20:44
2,2025-08-19 23:20:44
1,2025-08-19 23:20:44
1,2025-08-19 23:20:44
1,2025-08-19 23:20:44
2,2025-08-19 23:20:44
1,2025-08-19 23:20:44
1,2025-08-19 23:20:44
1,2025-08-19 23:20:44
1,2025-08-19 23:20:45
1,2025-08-19 23:20:45
2,2025-08-19 23:20:45
2,2025-08-19 23:20:45
2,2025-08-19 23:20:45
2,2025-08-19 23:20:45
2,2025-08-19 23:20:45
2,2025-08-19 23:20:45
2,2025-08-19 23:20:45
2,2025-08-19 23:20:45
1,2025-08-19 23:20:45
1,2025-08-19 23:20:45
1,2025-08-19 23:20:46
2,2025-08-19 23:20:46
2,2025-08-19 23:20:46
1,2025-08-19 23:20:46
1,2025-08-19 23:20:46
1,2025-08-19 23:20:46
1,2025-08-19 23:20:46
1,2025-08-19 23:20:46
1,2025-08-19 23:20:46
1,2025-08-19 23:20:46
1,2025-08-19 23:20:46
2,2025-08-19 23:20:46
2,2025-08-19 23:20:47
1,2025-08-19 23:20:47
1,2025-08-19 23:20:47
1,2025-08-19 23:20:47
1,2025-08-19 23:20:47
1,2025-08-19 23:20:47
2,2025-08-19 23:20:47
2,2025-08-19 23:20:47
2,2025-08-19 23:20:47
2,2025-08-19 23:20:47
1,2025-08-19 23:20:47
1,2025-08-19 23:20:47
1,2025-08-19 23:20:47
1,2025-08-19 23:20:48
1,2025-08-19 23:20:48
1,2025-08-19 23:20:48
1,2025-08-19 23:20:48
1,2025-08-19 23:20:48
2,2025-08-19 23:20:48
2,2025-08-19 23:20:48
2,2025-08-19 23:20:48
2,2025-08-19 23:20:48
2,2025-08-19 23:20:48
2,2025-08-19 23:20:48
2,2025-08-19 23:20:48
1,2025-08-19 23:20:48
1,2025-08-19 23:20:49
1,2025-08-19 23:20:49
2,2025-08-19 23:20:49
2,2025-08-19 23:20:49
1,2025-08-19 23:20:49
1,2025-08-19 23:20:49
2,2025-08-19 23:20:49
2,2025-08-19 23:20:49
1,2025-08-19 23:20:49
2,2025-08-19 23:20:49
2,2025-08-19 23:20:49
2,2025-08-19 23:20:49
2,2025-08-19 23:20:49
1,2025-08-19 23:20:50
1,2025-08-19 23:20:50
2,2025-08-19 23:20:50
2,2025-08-19 23:20:50
1,2025-08-19 23:20:50
1,2025-08-19 23:20:50
1,2025-08-19 23:20:50
1,2025-08-19 23:20:50
1,2025-08-19 23:20:50
1,2025-08-19 23:20:50
2,2025-08-19 23:20:50
2,2025-08-19 23:20:50
1,2025-08-19 23:20:50
1,2025-08-19 23:20:50
1,2025-08-19 23:20:51
2,2025-08-19 23:20:51
2,2025-08-19 23:20:51
1,2025-08-19 23:20:51
2,2025-08-19 23:20:51
2,2025-08-19 23:20:51
1,2025-08-19 23:20:51
1,2025-08-19 23:20:51
1,2025-08-19 23:20:51
1,2025-08-19 23:20:51
2,2025-08-19 23:20:51
2,2025-08-19 23:20:51
2,2025-08-19 23:20:51
2,2025-08-19 23:20:52
2,2025-08-19 23:20:52
2,2025-08-19 23:20:52
2,2025-08-19 23:20:52
1,2025-08-19 23:20:52
1,2025-08-19 23:20:52
1,2025-08-19 23:20:52
1,2025-08-19 23:20:52
2,2025-08-19 23:20:52
2,2025-08-19 23:20:52
2,2025-08-19 23:20:52
2,2025-08-19 23:20:52
2,2025-08-19 23:20:52
2,2025-08-19 23:20:52
2,2025-08-19 23:20:53
1,2025-08-19 23:20:53
2,2025-08-19 23:20:53
2,2025-08-19 23:20:53
2,2025-08-19 23:20:53
2,2025-08-19 23:20:53
2,2025-08-19 23:20:53
2,2025-08-19 23:20:53
2,2025-08-19 23:20:53
2,2025-08-19 23:20:53
2,2025-08-19 23:20:53
2,2025-08-19 23:20:53
2,2025-08-19 23:20:53
2,2025-08-19 23:20:54
1,2025-08-19 23:26:07
1,2025-08-19 23:26:07
1,2025-08-19 23:26:07
1,2025-08-19 23:26:07
1,2025-08-19 23:26:08
1,2025-08-19 23:26:08
1,2025-08-19 23:26:08
1,2025-08-19 23:26:08
1,2025-08-19 23:26:08
1,2025-08-19 23:26:08
1,2025-08-19 23:26:08
1,2025-08-19 23:26:08
1,2025-08-19 23:26:08
1,2025-08-19 23:26:08
1,2025-08-19 23:26:08
1,2025-08-19 23:26:08
1,2025-08-19 23:26:09
1,2025-08-19 23:26:09
1,2025-08-19 23:26:09
1,2025-08-19 23:26:09
1,2025-08-19 23:26:09
1,2025-08-19 23:26:09
1,2025-08-19 23:26:09
1,2025-08-19 23:26:09
1,2025-08-19 23:26:09
1,2025-08-19 23:26:09
1,2025-08-19 23:26:09
1,2025-08-19 23:26:09
1,2025-08-19 23:26:09
1,2025-08-19 23:26:10
1,2025-08-19 23:26:10
1,2025-08-19 23:26:10
1,2025-08-19 23:26:10
1,2025-08-19 23:26:10
1,2025-08-19 23:26:10
1,2025-08-19 23:26:10
1,2025-08-19 23:26:10
1,2025-08-19 23:26:10
1,2025-08-19 23:26:10
1,2025-08-19 23:26:11
2,2025-08-19 23:26:12
2,2025-08-19 23:26:12
2,2025-08-19 23:26:12
2,2025-08-19 23:26:12
2,2025-08-19 23:26:12
2,2025-08-19 23:26:12
2,2025-08-19 23:26:12
2,2025-08-19 23:26:12
2,2025-08-19 23:26:12
2,2025-08-19 23:26:12
2,2025-08-19 23:26:12
2,2025-08-19 23:26:13
2,2025-08-19 23:26:13
2,2025-08-19 23:26:13
2,2025-08-19 23:26:13
2,2025-08-19 23:26:13
2,2025-08-19 23:26:13
2,2025-08-19 23:26:13
2,2025-08-19 23:26:13
2,2025-08-19 23:26:13
2,2025-08-19 23:26:13
2,2025-08-19 23:26:13
2,2025-08-19 23:26:13
2,2025-08-19 23:26:14
2,2025-08-19 23:26:14
2,2025-08-19 23:26:14
2,2025-08-19 23:26:14
2,2025-08-19 23:26:14
2,2025-08-19 23:26:14
2,2025-08-19 23:26:14
2,2025-08-19 23:26:14
2,2025-08-19 23:26:14
2,2025-08-19 23:26:14
2,2025-08-19 23:26:14
2,2025-08-19 23:26:14
2,2025-08-19 23:26:15
2,2025-08-19 23:26:15
2,2025-08-19 23:26:15
2,2025-08-19 23:26:15
2,2025-08-19 23:26:15
2,2025-08-19 23:26:15
2,2025-08-19 23:26:15
2,2025-08-19 23:26:15
2,2025-08-19 23:26:15
2,2025-08-19 23:26:15
2,2025-08-19 23:26:15
2,2025-08-19 23:26:15
2,2025-08-19 23:26:16
2,2025-08-19 23:26:16
2,2025-08-19 23:26:16
2,2025-08-19 23:26:16
2,2025-08-19 23:26:16
1,2025-08-19 23:26:20
1,2025-08-19 23:26:21
1,2025-08-19 23:26:21
2,2025-08-19 23:26:21
1,2025-08-19 23:26:21
1,2025-08-19 23:26:23
1,2025-08-19 23:26:23
1,2025-08-19 23:26:23
1,2025-08-19 23:26:23
1,2025-08-19 23:26:23
1,2025-08-19 23:26:24
1,2025-08-19 23:26:24
1,2025-08-19 23:26:24
1,2025-08-19 23:26:24
1,2025-08-19 23:26:24
1,2025-08-19 23:26:24
1,2025-08-19 23:26:24
1,2025-08-19 23:26:25
1,2025-08-19 23:26:25
1,2025-08-19 23:26:25
1,2025-08-19 23:26:25
1,2025-08-19 23:26:25
1,2025-08-19 23:26:25
1,2025-08-19 23:26:25
1,2025-08-19 23:26:25
1,2025-08-19 23:26:25
1,2025-08-19 23:26:25
1,2025-08-19 23:26:25
1,2025-08-19 23:26:25
1,2025-08-19 23:26:26
1,2025-08-19 23:26:26
1,2025-08-19 23:26:26
1,2025-08-19 23:26:26
1,2025-08-19 23:26:26
1,2025-08-19 23:26:26
1,2025-08-19 23:26:26
1,2025-08-19 23:26:26
1,2025-08-19 23:26:26
1,2025-08-19 23:26:26
1,2025-08-19 23:26:26
1,2025-08-19 23:26:26
1,2025-08-19 23:26:27
1,2025-08-19 23:26:27
1,2025-08-19 23:26:27
1,2025-08-19 23:26:27
1,2025-08-19 23:26:27
1,2025-08-19 23:26:27
1,2025-08-19 23:26:27
1,2025-08-19 23:26:27
1,2025-08-19 23:26:27
1,2025-08-19 23:26:27
1,2025-08-19 23:26:27
1,2025-08-19 23:26:27
1,2025-08-19 23:26:27
1,2025-08-19 23:26:27
1,2025-08-19 23:26:28
1,2025-08-19 23:26:28
1,2025-08-19 23:26:28
1,2025-08-19 23:26:28
1,2025-08-19 23:26:28
1,2025-08-19 23:26:28
1,2025-08-19 23:26:28
1,2025-08-19 23:26:28
1,2025-08-19 23:26:28
2,2025-08-19 23:26:28
1,2025-08-19 23:26:28
2,2025-08-19 23:26:28
2,2025-08-19 23:26:29
2,2025-08-19 23:26:29
2,2025-08-19 23:26:29
1,2025-08-19 23:26:29
1,2025-08-19 23:26:29
1,2025-08-19 23:26:29
1,2025-08-19 23:26:29
1,2025-08-19 23:26:29
1,2025-08-19 23:26:29
1,2025-08-19 23:26:29
2,2025-08-19 23:26:29
1,2025-08-19 23:26:29
1,2025-08-19 23:26:29
1,2025-08-19 23:26:29
2,2025-08-19 23:26:30
2,2025-08-19 23:26:30
2,2025-08-19 23:26:30
1,2025-08-19 23:26:30
1,2025-08-19 23:26:30
1,2025-08-19 23:26:30
1,2025-08-19 23:26:30
1,2025-08-19 23:26:30
1,2025-08-19 23:26:30
1,2025-08-19 23:26:30
1,2025-08-19 23:26:30
1,2025-08-19 23:26:30
1,2025-08-19 23:26:30
1,2025-08-19 23:26:30
1,2025-08-19 23:26:31
1,2025-08-19 23:26:31
1,2025-08-19 23:26:31
1,2025-08-19 23:26:31
1,2025-08-19 23:26:31
1,2025-08-19 23:26:31
1,2025-08-19 23:26:31
1,2025-08-19 23:26:31
1,2025-08-19 23:26:31
1,2025-08-19 23:26:31
1,2025-08-19 23:26:31
1,2025-08-19 23:26:31
1,2025-08-19 23:26:32
1,2025-08-19 23:26:32
1,2025-08-19 23:26:32
1,2025-08-19 23:26:32
1,2025-08-19 23:26:32
1,2025-08-19 23:26:32
1,2025-08-19 23:26:32
1,2025-08-19 23:26:32
1,2025-08-19 23:26:32
1,2025-08-19 23:26:33
1,2025-08-19 23:26:33
1,2025-08-19 23:26:33
1,2025-08-19 23:26:33
1,2025-08-19 23:26:33
1,2025-08-19 23:26:33
1,2025-08-19 23:26:33
1,2025-08-19 23:26:33
1,2025-08-19 23:26:33
1,2025-08-19 23:26:33
1,2025-08-19 23:26:33
1,2025-08-19 23:26:33
1,2025-08-19 23:26:34
1,2025-08-19 23:26:34
1,2025-08-19 23:26:34
1,2025-08-19 23:26:34
1,2025-08-19 23:26:35
1,2025-08-19 23:26:35
1,2025-08-19 23:26:35
1,2025-08-19 23:26:35
1,2025-08-19 23:26:35
1,2025-08-19 23:26:35
1,2025-08-19 23:26:35
1,2025-08-19 23:26:35
1,2025-08-19 23:26:35
1,2025-08-19 23:26:35
1,2025-08-19 23:26:35
1,2025-08-19 23:26:36
1,2025-08-19 23:26:36
1,2025-08-19 23:26:36
1,2025-08-19 23:26:36
1,2025-08-19 23:26:36
1,2025-08-19 23:26:36
1,2025-08-19 23:26:36
1,2025-08-19 23:26:36
1,2025-08-19 23:26:36
1,2025-08-19 23:26:36
1,2025-08-19 23:26:36
1,2025-08-19 23:26:36
1,2025-08-19 23:26:36
1,2025-08-19 23:26:37
1,2025-08-19 23:26:37
2,2025-08-19 23:26:37
2,2025-08-19 23:26:37
2,2025-08-19 23:26:37
1,2025-08-19 23:26:37
1,2025-08-19 23:26:37
1,2025-08-19 23:26:37
1,2025-08-19 23:26:37
2,2025-08-19 23:26:38
2,2025-08-19 23:26:38
2,2025-08-19 23:26:38
2,2025-08-19 23:26:38
2,2025-08-19 23:26:38
2,2025-08-19 23:26:38
2,2025-08-19 23:26:38
2,2025-08-19 23:26:39
2,2025-08-19 23:26:39
2,2025-08-19 23:26:39
2,2025-08-19 23:26:39
2,2025-08-19 23:26:39
2,2025-08-19 23:26:39
2,2025-08-19 23:26:39
2,2025-08-19 23:26:39
2,2025-08-19 23:26:39
2,2025-08-19 23:26:39
2,2025-08-19 23:26:40
2,2025-08-19 23:26:40
2,2025-08-19 23:26:40
2,2025-08-19 23:26:40
2,2025-08-19 23:26:40
2,2025-08-19 23:26:40
2,2025-08-19 23:26:40
2,2025-08-19 23:26:40
2,2025-08-19 23:26:40
2,2025-08-19 23:26:40
2,2025-08-19 23:26:40
2,2025-08-19 23:26:40
2,2025-08-19 23:26:41
2,2025-08-19 23:26:41
2,2025-08-19 23:26:41
2,2025-08-19 23:26:41
2,2025-08-19 23:26:41
2,2025-08-19 23:26:41
2,2025-08-19 23:26:41
2,2025-08-19 23:26:41
2,2025-08-19 23:26:42
2,2025-08-19 23:26:42
2,2025-08-19 23:26:42
2,2025-08-19 23:26:42
2,2025-08-19 23:26:42
2,2025-08-19 23:26:42
2,2025-08-19 23:26:42
2,2025-08-19 23:26:42
2,2025-08-19 23:26:42
2,2025-08-19 23:26:42
2,2025-08-19 23:26:42
2,2025-08-19 23:26:42
2,2025-08-19 23:26:42
2,2025-08-19 23:26:42
2,2025-08-19 23:26:42
2,2025-08-19 23:26:43
2,2025-08-19 23:26:43
2,2025-08-19 23:26:43
2,2025-08-19 23:26:43
2,2025-08-19 23:26:43
2,2025-08-19 23:26:43
2,2025-08-19 23:26:43
2,2025-08-19 23:26:43
2,2025-08-19 23:26:43
2,2025-08-19 23:26:43
2,2025-08-19 23:26:43
2,2025-08-19 23:26:43
1,2025-08-19 23:26:43
2,2025-08-19 23:26:43
2,2025-08-19 23:26:43
2,2025-08-19 23:26:43
2,2025-08-19 23:26:43
2,2025-08-19 23:26:43
2,2025-08-19 23:26:44
2,2025-08-19 23:26:45
2,2025-08-19 23:26:46
2,2025-08-19 23:26:46
2,2025-08-19 23:26:47
1,2025-08-19 23:26:47
2,2025-08-19 23:26:47
1,2025-08-19 23:26:47
1,2025-08-19 23:26:47
1,2025-08-19 23:26:48
1,2025-08-19 23:26:48
1,2025-08-19 23:26:48
2,2025-08-19 23:26:49
2,2025-08-19 23:26:49
2,2025-08-19 23:26:49
2,2025-08-19 23:26:49
2,2025-08-19 23:26:49
2,2025-08-19 23:26:49
2,2025-08-19 23:26:49
2,2025-08-19 23:26:49
2,2025-08-19 23:26:49
2,2025-08-19 23:26:50
2,2025-08-19 23:26:50
2,2025-08-19 23:26:50
2,2025-08-19 23:26:50
2,2025-08-19 23:26:50
2,2025-08-19 23:26:50
2,2025-08-19 23:26:50
2,2025-08-19 23:26:50
2,2025-08-19 23:26:50
2,2025-08-19 23:26:50
2,2025-08-19 23:26:50
2,2025-08-19 23:26:51
2,2025-08-19 23:26:52
2,2025-08-19 23:26:52
2,2025-08-19 23:26:52
2,2025-08-19 23:26:52
2,2025-08-19 23:26:52
2,2025-08-19 23:26:52
2,2025-08-19 23:26:52
1,2025-08-19 23:26:56
1,2025-08-19 23:26:56
1,2025-08-19 23:26:56
1,2025-08-19 23:26:56
1,2025-08-19 23:26:56
1,2025-08-19 23:26:56
1,2025-08-19 23:26:57
1,2025-08-19 23:26:57
1,2025-08-19 23:26:57
1,2025-08-19 23:26:57
1,2025-08-19 23:26:57
1,2025-08-19 23:26:57
1,2025-08-19 23:26:57
1,2025-08-19 23:26:57
1,2025-08-19 23:26:57
1,2025-08-19 23:26:57
1,2025-08-19 23:26:57
1,2025-08-19 23:26:57
1,2025-08-19 23:26:58
1,2025-08-19 23:26:58
1,2025-08-19 23:26:58
1,2025-08-19 23:26:58
1,2025-08-19 23:26:58
1,2025-08-19 23:26:58
1,2025-08-19 23:26:58
1,2025-08-19 23:26:58
1,2025-08-19 23:26:58
1,2025-08-19 23:26:58
1,2025-08-19 23:26:58
1,2025-08-19 23:26:59
1,2025-08-19 23:26:59
1,2025-08-19 23:26:59
1,2025-08-19 23:26:59
1,2025-08-19 23:26:59
1,2025-08-19 23:26:59
1,2025-08-19 23:26:59
1,2025-08-19 23:26:59
1,2025-08-19 23:26:59
1,2025-08-19 23:26:59
1,2025-08-19 23:26:59
1,2025-08-19 23:26:59
1,2025-08-19 23:26:59
1,2025-08-19 23:27:00
1,2025-08-19 23:27:00
1,2025-08-19 23:27:00
1,2025-08-19 23:27:00
1,2025-08-19 23:27:00
1,2025-08-19 23:27:00
1,2025-08-19 23:27:00
1,2025-08-19 23:27:00
1,2025-08-19 23:27:00
1,2025-08-19 23:27:00
1,2025-08-19 23:27:00
1,2025-08-19 23:27:00
1,2025-08-19 23:27:01
1,2025-08-19 23:27:01
1,2025-08-19 23:27:01
1,2025-08-19 23:27:01
1,2025-08-19 23:27:01
1,2025-08-19 23:27:01
1,2025-08-19 23:27:01
1,2025-08-19 23:27:01
1,2025-08-19 23:27:01
1,2025-08-19 23:27:01
1,2025-08-19 23:27:01
1,2025-08-19 23:27:01
1,2025-08-19 23:27:01
1,2025-08-19 23:27:01
1,2025-08-19 23:27:02
2,2025-08-19 23:27:02
1,2025-08-19 23:27:02
2,2025-08-19 23:27:02
2,2025-08-19 23:27:02
1,2025-08-19 23:27:02
2,2025-08-19 23:27:02
1,2025-08-19 23:27:02
2,2025-08-19 23:27:02
1,2025-08-19 23:27:02
2,2025-08-19 23:27:02
1,2025-08-19 23:27:02
1,2025-08-19 23:27:02
2,2025-08-19 23:27:02
2,2025-08-19 23:27:02
1,2025-08-19 23:27:02
2,2025-08-19 23:27:02
1,2025-08-19 23:27:02
2,2025-08-19 23:27:03
1,2025-08-19 23:27:03
2,2025-08-19 23:27:03
1,2025-08-19 23:27:03
2,2025-08-19 23:27:03
1,2025-08-19 23:27:03
2,2025-08-19 23:27:03
1,2025-08-19 23:27:03
2,2025-08-19 23:27:03
1,2025-08-19 23:27:03
1,2025-08-19 23:27:03
2,2025-08-19 23:27:03
1,2025-08-19 23:27:03
2,2025-08-19 23:27:03
1,2025-08-19 23:27:03
2,2025-08-19 23:27:03
2,2025-08-19 23:27:03
1,2025-08-19 23:27:03
1,2025-08-19 23:27:03
2,2025-08-19 23:27:03
2,2025-08-19 23:27:04
1,2025-08-19 23:27:04
1,2025-08-19 23:27:04
2,2025-08-19 23:27:04
2,2025-08-19 23:27:04
1,2025-08-19 23:27:04
1,2025-08-19 23:27:04
2,2025-08-19 23:27:04
2,2025-08-19 23:27:04
1,2025-08-19 23:27:04
2,2025-08-19 23:27:04
1,2025-08-19 23:27:04
1,2025-08-19 23:27:04
2,2025-08-19 23:27:04
1,2025-08-19 23:27:04
2,2025-08-19 23:27:04
2,2025-08-19 23:27:04
1,2025-08-19 23:27:04
1,2025-08-19 23:27:04
2,2025-08-19 23:27:04
2,2025-08-19 23:27:05
1,2025-08-19 23:27:05
1,2025-08-19 23:27:05
2,2025-08-19 23:27:05
1,2025-08-19 23:27:05
2,2025-08-19 23:27:05
1,2025-08-19 23:27:05
2,2025-08-19 23:27:05
2,2025-08-19 23:27:05
1,2025-08-19 23:27:05
2,2025-08-19 23:27:05
1,2025-08-19 23:27:05
2,2025-08-19 23:27:05
1,2025-08-19 23:27:05
2,2025-08-19 23:27:05
1,2025-08-19 23:27:05
2,2025-08-19 23:27:05
1,2025-08-19 23:27:05
2,2025-08-19 23:27:05
2,2025-08-19 23:27:06
1,2025-08-19 23:27:06
2,2025-08-19 23:27:06
1,2025-08-19 23:27:06
2,2025-08-19 23:27:06
1,2025-08-19 23:27:06
2,2025-08-19 23:27:06
1,2025-08-19 23:27:06
2,2025-08-19 23:27:06
1,2025-08-19 23:27:06
1,2025-08-19 23:27:06
2,2025-08-19 23:27:06
2,2025-08-19 23:27:06
1,2025-08-19 23:27:06
2,2025-08-19 23:27:06
1,2025-08-19 23:27:06
2,2025-08-19 23:27:06
1,2025-08-19 23:27:06
2,2025-08-19 23:27:06
1,2025-08-19 23:27:06
2,2025-08-19 23:27:06
1,2025-08-19 23:27:06
2,2025-08-19 23:27:07
1,2025-08-19 23:27:07
1,2025-08-19 23:27:07
2,2025-08-19 23:27:07
2,2025-08-19 23:27:07
1,2025-08-19 23:27:07
2,2025-08-19 23:27:07
1,2025-08-19 23:27:07
2,2025-08-19 23:27:07
1,2025-08-19 23:27:07
2,2025-08-19 23:27:07
1,2025-08-19 23:27:07
1,2025-08-19 23:27:07
2,2025-08-19 23:27:07
2,2025-08-19 23:27:07
2,2025-08-19 23:27:07
1,2025-08-19 23:27:07
2,2025-08-19 23:27:07
1,2025-08-19 23:27:08
2,2025-08-19 23:27:08
2,2025-08-19 23:27:08
1,2025-08-19 23:27:08
1,2025-08-19 23:27:08
2,2025-08-19 23:27:08
1,2025-08-19 23:27:08
2,2025-08-19 23:27:08
2,2025-08-19 23:27:08
1,2025-08-19 23:27:08
2,2025-08-19 23:27:08
1,2025-08-19 23:27:08
1,2025-08-19 23:27:08
2,2025-08-19 23:27:08
1,2025-08-19 23:27:08
2,2025-08-19 23:27:08
2,2025-08-19 23:27:08
1,2025-08-19 23:27:08
1,2025-08-19 23:27:08
2,2025-08-19 23:27:08
2,2025-08-19 23:27:08
1,2025-08-19 23:27:09
1,2025-08-19 23:27:09
2,2025-08-19 23:27:09
2,2025-08-19 23:27:09
1,2025-08-19 23:27:09
1,2025-08-19 23:27:09
2,2025-08-19 23:27:09
1,2025-08-19 23:27:09
2,2025-08-19 23:27:09
1,2025-08-19 23:27:09
1,2025-08-19 23:27:09
2,2025-08-19 23:27:09
1,2025-08-19 23:27:09
1,2025-08-19 23:27:09
2,2025-08-19 23:27:09
1,2025-08-19 23:27:09
2,2025-08-19 23:27:09
1,2025-08-19 23:27:09
1,2025-08-19 23:27:09
2,2025-08-19 23:27:09
1,2025-08-19 23:27:09
1,2025-08-19 23:27:09
1,2025-08-19 23:27:10
2,2025-08-19 23:27:10
1,2025-08-19 23:27:10
2,2025-08-19 23:27:10
1,2025-08-19 23:27:10
1,2025-08-19 23:27:10
2,2025-08-19 23:27:10
1,2025-08-19 23:27:10
1,2025-08-19 23:27:10
1,2025-08-19 23:27:10
2,2025-08-19 23:27:10
1,2025-08-19 23:27:10
2,2025-08-19 23:27:10
1,2025-08-19 23:27:10
1,2025-08-19 23:27:10
2,2025-08-19 23:27:10
1,2025-08-19 23:27:10
1,2025-08-19 23:27:10
2,2025-08-19 23:27:10
1,2025-08-19 23:27:10
1,2025-08-19 23:27:10
1,2025-08-19 23:27:10
2,2025-08-19 23:27:10
1,2025-08-19 23:27:10
2,2025-08-19 23:27:10
1,2025-08-19 23:27:10
1,2025-08-19 23:27:11
2,2025-08-19 23:27:11
1,2025-08-19 23:27:11
1,2025-08-19 23:27:11
2,2025-08-19 23:27:11
1,2025-08-19 23:27:11
1,2025-08-19 23:27:11
2,2025-08-19 23:27:11
1,2025-08-19 23:27:11
1,2025-08-19 23:27:11
2,2025-08-19 23:27:11
1,2025-08-19 23:27:11
1,2025-08-19 23:27:11
2,2025-08-19 23:27:11
1,2025-08-19 23:27:11
1,2025-08-19 23:27:11
2,2025-08-19 23:27:11
1,2025-08-19 23:27:11
1,2025-08-19 23:27:11
2,2025-08-19 23:27:11
1,2025-08-19 23:27:11
1,2025-08-19 23:27:11
2,2025-08-19 23:27:11
1,2025-08-19 23:27:11
1,2025-08-19 23:27:12
1,2025-08-19 23:27:12
2,2025-08-19 23:27:12
1,2025-08-19 23:27:12
2,2025-08-19 23:27:12
1,2025-08-19 23:27:12
1,2025-08-19 23:27:12
1,2025-08-19 23:27:12
2,2025-08-19 23:27:12
1,2025-08-19 23:27:12
2,2025-08-19 23:27:12
1,2025-08-19 23:27:12
1,2025-08-19 23:27:12
2,2025-08-19 23:27:12
1,2025-08-19 23:27:12
1,2025-08-19 23:27:12
2,2025-08-19 23:27:12
1,2025-08-19 23:27:12
1,2025-08-19 23:27:12
1,2025-08-19 23:27:12
2,2025-08-19 23:27:12
2,2025-08-19 23:27:12
1,2025-08-19 23:27:12
1,2025-08-19 23:27:12
2,2025-08-19 23:27:13
2,2025-08-19 23:27:13
2,2025-08-19 23:27:13
2,2025-08-19 23:27:13
2,2025-08-19 23:27:13
1,2025-08-19 23:27:13
2,2025-08-19 23:27:13
1,2025-08-19 23:27:13
2,2025-08-19 23:27:13
1,2025-08-19 23:27:13
1,2025-08-19 23:27:13
2,2025-08-19 23:27:13
1,2025-08-19 23:27:13
2,2025-08-19 23:27:13
2,2025-08-19 23:27:13
1,2025-08-19 23:27:13
2,2025-08-19 23:27:13
1,2025-08-19 23:27:14
2,2025-08-19 23:27:14
2,2025-08-19 23:27:14
1,2025-08-19 23:27:14
2,2025-08-19 23:27:14
1,2025-08-19 23:27:14
1,2025-08-19 23:27:14
2,2025-08-19 23:27:14
2,2025-08-19 23:27:14
1,2025-08-19 23:27:14
2,2025-08-19 23:27:14
1,2025-08-19 23:27:14
2,2025-08-19 23:27:14
1,2025-08-19 23:27:14
1,2025-08-19 23:27:14
2,2025-08-19 23:27:14
2,2025-08-19 23:27:14
1,2025-08-19 23:27:14
2,2025-08-19 23:27:14
1,2025-08-19 23:27:15
2,2025-08-19 23:27:15
1,2025-08-19 23:27:15
2,2025-08-19 23:27:15
1,2025-08-19 23:27:15
2,2025-08-19 23:27:15
1,2025-08-19 23:27:15
2,2025-08-19 23:27:15
1,2025-08-19 23:27:15
2,2025-08-19 23:27:15
1,2025-08-19 23:27:15
2,2025-08-19 23:27:15
1,2025-08-19 23:27:15
2,2025-08-19 23:27:15
1,2025-08-19 23:27:15
2,2025-08-19 23:27:15
1,2025-08-19 23:27:15
2,2025-08-19 23:27:15
1,2025-08-19 23:27:15
2,2025-08-19 23:27:16
1,2025-08-19 23:27:16
2,2025-08-19 23:27:16
2,2025-08-19 23:27:16
2,2025-08-19 23:27:16
2,2025-08-19 23:27:16
2,2025-08-19 23:27:16
1,2025-08-19 23:27:16
1,2025-08-19 23:27:17
1,2025-08-19 23:27:17
1,2025-08-19 23:27:17
1,2025-08-19 23:27:17
1,2025-08-19 23:27:17
1,2025-08-19 23:27:17
1,2025-08-19 23:27:17
1,2025-08-19 23:27:17
1,2025-08-19 23:27:17
1,2025-08-19 23:27:17
1,2025-08-19 23:27:17
1,2025-08-19 23:27:22
1,2025-08-19 23:27:22
1,2025-08-19 23:27:22
1,2025-08-19 23:27:22
1,2025-08-19 23:27:22
1,2025-08-19 23:27:22
1,2025-08-19 23:27:22
1,2025-08-19 23:27:22
1,2025-08-19 23:27:22
1,2025-08-19 23:27:22
1,2025-08-19 23:27:23
1,2025-08-19 23:27:23
1,2025-08-19 23:27:23
1,2025-08-19 23:27:23
1,2025-08-19 23:27:23
1,2025-08-19 23:27:23
5,2025-08-19 23:27:39
5,2025-08-19 23:27:39
5,2025-08-19 23:27:39
5,2025-08-19 23:27:39
5,2025-08-19 23:27:40
5,2025-08-19 23:27:40
5,2025-08-19 23:27:40
5,2025-08-19 23:27:40
5,2025-08-19 23:27:41
5,2025-08-19 23:27:41
5,2025-08-19 23:27:41
5,2025-08-19 23:27:41
5,2025-08-19 23:27:41
5,2025-08-19 23:27:41
5,2025-08-19 23:27:41
5,2025-08-19 23:27:41
5,2025-08-19 23:27:41
5,2025-08-19 23:27:41
5,2025-08-19 23:27:42
5,2025-08-19 23:27:42
5,2025-08-19 23:27:42
5,2025-08-19 23:27:42
5,2025-08-19 23:27:42
5,2025-08-19 23:27:42
5,2025-08-19 23:27:42
5,2025-08-19 23:27:42
5,2025-08-19 23:27:42
5,2025-08-19 23:27:42
2,2025-08-19 23:27:43
5,2025-08-19 23:27:43
2,2025-08-19 23:27:43
5,2025-08-19 23:27:43
5,2025-08-19 23:27:43
5,2025-08-19 23:27:43
5,2025-08-19 23:27:43
5,2025-08-19 23:27:43
5,2025-08-19 23:27:43
5,2025-08-19 23:27:43
5,2025-08-19 23:27:43
5,2025-08-19 23:27:43
5,2025-08-19 23:27:44
5,2025-08-19 23:27:44
5,2025-08-19 23:27:44
5,2025-08-19 23:27:44
5,2025-08-19 23:27:44
5,2025-08-19 23:27:44
5,2025-08-19 23:27:44
5,2025-08-19 23:27:44
5,2025-08-19 23:27:44
5,2025-08-19 23:27:44
5,2025-08-19 23:27:44
5,2025-08-19 23:27:45
5,2025-08-19 23:27:45
5,2025-08-19 23:27:45
5,2025-08-19 23:27:45
5,2025-08-19 23:27:45
5,2025-08-19 23:27:45
5,2025-08-19 23:27:45
5,2025-08-19 23:27:45
5,2025-08-19 23:27:45
5,2025-08-19 23:27:45
5,2025-08-19 23:27:45
5,2025-08-19 23:27:45
5,2025-08-19 23:27:46
5,2025-08-19 23:27:46
2,2025-08-19 23:27:46
2,2025-08-19 23:27:46
2,2025-08-19 23:27:46
2,2025-08-19 23:27:46
2,2025-08-19 23:27:46
2,2025-08-19 23:27:46
2,2025-08-19 23:27:46
2,2025-08-19 23:27:46
2,2025-08-19 23:27:47
2,2025-08-19 23:27:47
2,2025-08-19 23:27:47
2,2025-08-19 23:27:47
2,2025-08-19 23:27:47
2,2025-08-19 23:27:47
2,2025-08-19 23:27:47
2,2025-08-19 23:27:47
2,2025-08-19 23:27:47
2,2025-08-19 23:27:47
2,2025-08-19 23:27:47
2,2025-08-19 23:27:47
2,2025-08-19 23:27:48
2,2025-08-19 23:27:48
2,2025-08-19 23:27:48
2,2025-08-19 23:27:48
2,2025-08-19 23:27:48
5,2025-08-19 23:27:48
5,2025-08-19 23:27:48
5,2025-08-19 23:27:49
5,2025-08-19 23:27:49
1,2025-08-19 23:27:51
1,2025-08-19 23:27:51
1,2025-08-19 23:27:51
1,2025-08-19 23:27:51
1,2025-08-19 23:27:51
1,2025-08-19 23:27:52
1,2025-08-19 23:27:52
1,2025-08-19 23:27:52
1,2025-08-19 23:27:52
1,2025-08-19 23:27:52
1,2025-08-19 23:27:52
1,2025-08-19 23:27:52
1,2025-08-19 23:27:52
1,2025-08-19 23:27:52
1,2025-08-19 23:27:52
1,2025-08-19 23:27:52
1,2025-08-19 23:27:52
1,2025-08-19 23:27:53
1,2025-08-19 23:27:53
1,2025-08-19 23:27:53
1,2025-08-19 23:27:53
1,2025-08-19 23:27:53
1,2025-08-19 23:27:53
1,2025-08-19 23:27:53
1,2025-08-19 23:27:53
1,2025-08-19 23:27:53
5,2025-08-19 23:27:53
2,2025-08-19 23:27:54
2,2025-08-19 23:27:54
2,2025-08-19 23:27:54
2,2025-08-19 23:27:54
2,2025-08-19 23:27:54
2,2025-08-19 23:27:54
2,2025-08-19 23:27:54
2,2025-08-19 23:27:54
2,2025-08-19 23:27:54
2,2025-08-19 23:27:54
2,2025-08-19 23:27:54
2,2025-08-19 23:27:55
2,2025-08-19 23:27:55
2,2025-08-19 23:27:55
2,2025-08-19 23:27:55
2,2025-08-19 23:27:55
5,2025-08-19 23:27:56
5,2025-08-19 23:27:56
5,2025-08-19 23:27:56
5,2025-08-19 23:27:56
5,2025-08-19 23:27:56
1,2025-08-19 23:27:56
1,2025-08-19 23:27:57
1,2025-08-19 23:27:57
1,2025-08-19 23:27:57
1,2025-08-19 23:27:57
1,2025-08-19 23:27:57
1,2025-08-19 23:27:57
1,2025-08-19 23:27:57
1,2025-08-19 23:27:57
1,2025-08-19 23:27:57
1,2025-08-19 23:27:57
5,2025-08-19 23:28:00
5,2025-08-19 23:28:00
5,2025-08-19 23:28:02
5,2025-08-19 23:28:02
5,2025-08-19 23:28:03
5,2025-08-19 23:28:03
5,2025-08-19 23:28:03
5,2025-08-19 23:28:03
1,2025-08-19 23:28:03
1,2025-08-19 23:28:03
1,2025-08-19 23:28:03
1,2025-08-19 23:28:03
1,2025-08-19 23:28:03
1,2025-08-19 23:28:03
1,2025-08-19 23:28:04
1,2025-08-19 23:28:04
1,2025-08-19 23:28:04
1,2025-08-19 23:28:04
1,2025-08-19 23:28:04
1,2025-08-19 23:28:04
1,2025-08-19 23:28:04
1,2025-08-19 23:28:04
1,2025-08-19 23:28:04
1,2025-08-19 23:28:04
1,2025-08-19 23:28:04
1,2025-08-19 23:28:05
1,2025-08-19 23:28:05
1,2025-08-19 23:28:05
2,2025-08-19 23:28:05
1,2025-08-19 23:28:05
1,2025-08-19 23:28:05
1,2025-08-19 23:28:05
2,2025-08-19 23:28:05
2,2025-08-19 23:28:05
5,2025-08-19 23:28:05
5,2025-08-19 23:28:05
5,2025-08-19 23:28:06
5,2025-08-19 23:28:06
2,2025-08-19 23:28:06
2,2025-08-19 23:28:06
2,2025-08-19 23:28:06
2,2025-08-19 23:28:06
1,2025-08-19 23:28:06
1,2025-08-19 23:28:06
1,2025-08-19 23:28:06
1,2025-08-19 23:28:06
1,2025-08-19 23:28:06
1,2025-08-19 23:28:07
2,2025-08-19 23:28:14
2,2025-08-19 23:28:14
2,2025-08-19 23:28:14
2,2025-08-19 23:28:14
2,2025-08-19 23:28:14
1,2025-08-19 23:28:14
2,2025-08-19 23:28:14
2,2025-08-19 23:28:14
2,2025-08-19 23:28:14
2,2025-08-19 23:28:14
2,2025-08-19 23:28:14
2,2025-08-19 23:28:14
2,2025-08-19 23:28:14
2,2025-08-19 23:28:15
2,2025-08-19 23:28:15
2,2025-08-19 23:28:15
2,2025-08-19 23:28:15
5,2025-08-19 23:28:15
5,2025-08-19 23:28:15
5,2025-08-19 23:28:15
5,2025-08-19 23:28:15
2,2025-08-19 23:28:15
2,2025-08-19 23:28:15
5,2025-08-19 23:28:15
2,2025-08-19 23:28:15
2,2025-08-19 23:28:15
2,2025-08-19 23:28:16
2,2025-08-19 23:28:16
2,2025-08-19 23:28:16
1,2025-08-19 23:28:16
1,2025-08-19 23:28:16
2,2025-08-19 23:28:16
2,2025-08-19 23:28:16
2,2025-08-19 23:28:16
2,2025-08-19 23:28:16
5,2025-08-19 23:28:16
2,2025-08-19 23:28:16
2,2025-08-19 23:28:16
2,2025-08-19 23:28:16
2,2025-08-19 23:28:16
2,2025-08-19 23:28:17
2,2025-08-19 23:28:17
5,2025-08-19 23:28:17
5,2025-08-19 23:28:17
5,2025-08-19 23:28:17
2,2025-08-19 23:28:17
5,2025-08-19 23:28:17
2,2025-08-19 23:28:17
2,2025-08-19 23:28:17
5,2025-08-19 23:28:17
5,2025-08-19 23:28:17
5,2025-08-19 23:28:17
5,2025-08-19 23:28:17
2,2025-08-19 23:28:18
2,2025-08-19 23:28:18
1,2025-08-19 23:28:18
1,2025-08-19 23:28:18
5,2025-08-19 23:28:18
1,2025-08-19 23:28:18
5,2025-08-19 23:28:18
5,2025-08-19 23:28:18
5,2025-08-19 23:28:18
2,2025-08-19 23:28:18
1,2025-08-19 23:28:18
1,2025-08-19 23:28:18
1,2025-08-19 23:28:18
5,2025-08-19 23:28:19
5,2025-08-19 23:28:19
5,2025-08-19 23:28:19
5,2025-08-19 23:28:19
5,2025-08-19 23:28:19
1,2025-08-19 23:28:19
1,2025-08-19 23:28:19
1,2025-08-19 23:28:19
1,2025-08-19 23:28:19
1,2025-08-19 23:28:19
5,2025-08-19 23:28:19
2,2025-08-19 23:28:19
1,2025-08-19 23:28:19
1,2025-08-19 23:28:20
2,2025-08-19 23:28:20
2,2025-08-19 23:28:20
1,2025-08-19 23:28:20
1,2025-08-19 23:28:20
1,2025-08-19 23:28:20
1,2025-08-19 23:28:20
5,2025-08-19 23:28:20
2,2025-08-19 23:28:20
2,2025-08-19 23:28:20
1,2025-08-19 23:28:20
1,2025-08-19 23:28:20
1,2025-08-19 23:28:20
1,2025-08-19 23:28:21
5,2025-08-19 23:28:21
5,2025-08-19 23:28:21
5,2025-08-19 23:28:21
1,2025-08-19 23:28:21
1,2025-08-19 23:28:21
5,2025-08-19 23:28:21
5,2025-08-19 23:28:21
5,2025-08-19 23:28:21
5,2025-08-19 23:28:21
5,2025-08-19 23:28:21
5,2025-08-19 23:28:21
5,2025-08-19 23:28:21
5,2025-08-19 23:28:21
5,2025-08-19 23:28:22
5,2025-08-19 23:28:22
1,2025-08-19 23:28:22
1,2025-08-19 23:28:22
5,2025-08-19 23:28:22
1,2025-08-19 23:28:22
1,2025-08-19 23:28:22
1,2025-08-19 23:28:22
1,2025-08-19 23:28:22
1,2025-08-19 23:28:22
1,2025-08-19 23:28:22
5,2025-08-19 23:28:22
1,2025-08-19 23:28:22
2,2025-08-19 23:28:23
5,2025-08-19 23:28:23
5,2025-08-19 23:28:23
5,2025-08-19 23:28:23
1,2025-08-19 23:28:23
2,2025-08-19 23:28:23
2,2025-08-19 23:28:23
5,2025-08-19 23:28:23
5,2025-08-19 23:28:23
2,2025-08-19 23:28:23
5,2025-08-19 23:28:23
5,2025-08-19 23:28:23
5,2025-08-19 23:28:23
1,2025-08-19 23:28:24
5,2025-08-19 23:28:24
5,2025-08-19 23:28:24
5,2025-08-19 23:28:24
1,2025-08-19 23:28:24
5,2025-08-19 23:28:24
1,2025-08-19 23:28:24
1,2025-08-19 23:28:24
2,2025-08-19 23:28:24
2,2025-08-19 23:28:24
2,2025-08-19 23:28:24
5,2025-08-19 23:28:24
5,2025-08-19 23:28:24
5,2025-08-19 23:28:24
5,2025-08-19 23:28:25
5,2025-08-19 23:28:25
5,2025-08-19 23:28:25
5,2025-08-19 23:28:25
5,2025-08-19 23:28:25
5,2025-08-19 23:28:25
5,2025-08-19 23:28:25
5,2025-08-19 23:28:25
5,2025-08-19 23:28:25
5,2025-08-19 23:28:25
5,2025-08-19 23:28:25
5,2025-08-19 23:28:25
5,2025-08-19 23:28:25
5,2025-08-19 23:28:26
5,2025-08-19 23:28:26
5,2025-08-19 23:28:26
5,2025-08-19 23:28:26
5,2025-08-19 23:28:26
5,2025-08-19 23:28:26
5,2025-08-19 23:28:26
5,2025-08-19 23:28:26
5,2025-08-19 23:28:26
5,2025-08-19 23:28:26
5,2025-08-19 23:28:26
5,2025-08-19 23:28:26
5,2025-08-19 23:28:26
5,2025-08-19 23:28:27
5,2025-08-19 23:28:27
5,2025-08-19 23:28:27
5,2025-08-19 23:28:27
5,2025-08-19 23:28:27
5,2025-08-19 23:28:27
5,2025-08-19 23:28:27
5,2025-08-19 23:28:27
5,2025-08-19 23:28:27
5,2025-08-19 23:28:27
5,2025-08-19 23:28:27
5,2025-08-19 23:28:27
5,2025-08-19 23:28:27
5,2025-08-19 23:28:28
5,2025-08-19 23:28:28
5,2025-08-19 23:28:28
5,2025-08-19 23:28:28
5,2025-08-19 23:28:28
5,2025-08-19 23:28:28
5,2025-08-19 23:28:28
5,2025-08-19 23:28:28
5,2025-08-19 23:28:28
5,2025-08-19 23:28:28
5,2025-08-19 23:28:28
5,2025-08-19 23:28:28
5,2025-08-19 23:28:28
5,2025-08-19 23:28:29
5,2025-08-19 23:28:29
5,2025-08-19 23:28:29
5,2025-08-19 23:28:29
5,2025-08-19 23:28:29
5,2025-08-19 23:28:29
5,2025-08-19 23:28:29
5,2025-08-19 23:28:29
5,2025-08-19 23:28:29
5,2025-08-19 23:28:29
5,2025-08-19 23:28:29
5,2025-08-19 23:28:29
5,2025-08-19 23:28:29
5,2025-08-19 23:28:30
5,2025-08-19 23:28:30
5,2025-08-19 23:28:30
5,2025-08-19 23:28:30
5,2025-08-19 23:28:30
5,2025-08-19 23:28:30
5,2025-08-19 23:28:30
5,2025-08-19 23:28:30
5,2025-08-19 23:28:30
5,2025-08-19 23:28:30
5,2025-08-19 23:28:30
5,2025-08-19 23:28:30
5,2025-08-19 23:28:30
5,2025-08-19 23:28:30
5,2025-08-19 23:28:31
5,2025-08-19 23:28:31
5,2025-08-19 23:28:31
5,2025-08-19 23:28:31
5,2025-08-19 23:28:31
5,2025-08-19 23:28:31
5,2025-08-19 23:28:31
5,2025-08-19 23:28:31
5,2025-08-19 23:28:31
5,2025-08-19 23:28:31
5,2025-08-19 23:28:31
5,2025-08-19 23:28:31
5,2025-08-19 23:28:31
5,2025-08-19 23:28:32
5,2025-08-19 23:28:32
5,2025-08-19 23:28:32
5,2025-08-19 23:28:32
5,2025-08-19 23:28:32
5,2025-08-19 23:28:32
5,2025-08-19 23:28:32
5,2025-08-19 23:28:32
5,2025-08-19 23:28:32
5,2025-08-19 23:28:32
5,2025-08-19 23:28:32
5,2025-08-19 23:28:32
5,2025-08-19 23:28:32
5,2025-08-19 23:28:33
5,2025-08-19 23:28:33
5,2025-08-19 23:28:33
5,2025-08-19 23:28:33
5,2025-08-19 23:28:33
5,2025-08-19 23:28:33
5,2025-08-19 23:28:33
5,2025-08-19 23:28:33
5,2025-08-19 23:28:33
5,2025-08-19 23:28:33
5,2025-08-19 23:28:33
5,2025-08-19 23:28:33
5,2025-08-19 23:28:33
5,2025-08-19 23:28:34
5,2025-08-19 23:28:34
5,2025-08-19 23:28:34
5,2025-08-19 23:28:34
5,2025-08-19 23:28:34
5,2025-08-19 23:28:34
5,2025-08-19 23:28:34
5,2025-08-19 23:28:34
5,2025-08-19 23:28:34
5,2025-08-19 23:28:34
5,2025-08-19 23:28:34
5,2025-08-19 23:28:34
5,2025-08-19 23:28:34
5,2025-08-19 23:28:35
5,2025-08-19 23:28:35
5,2025-08-19 23:28:35
5,2025-08-19 23:28:35
5,2025-08-19 23:28:35
5,2025-08-19 23:28:35
5,2025-08-19 23:28:35
5,2025-08-19 23:28:35
5,2025-08-19 23:28:35
5,2025-08-19 23:28:35
5,2025-08-19 23:28:35
5,2025-08-19 23:28:35
5,2025-08-19 23:28:35
5,2025-08-19 23:28:36
5,2025-08-19 23:28:36
5,2025-08-19 23:28:36
5,2025-08-19 23:28:36
5,2025-08-19 23:28:36
5,2025-08-19 23:28:36
5,2025-08-19 23:28:36
5,2025-08-19 23:28:36
5,2025-08-19 23:28:36
5,2025-08-19 23:28:36
5,2025-08-19 23:28:37
5,2025-08-19 23:28:37
5,2025-08-19 23:28:37
5,2025-08-19 23:28:38
5,2025-08-19 23:28:38
5,2025-08-19 23:28:38
5,2025-08-19 23:28:39
5,2025-08-19 23:28:40
5,2025-08-19 23:28:40
5,2025-08-19 23:28:40
5,2025-08-19 23:28:40
5,2025-08-19 23:28:40
5,2025-08-19 23:28:40
5,2025-08-19 23:28:40
5,2025-08-19 23:28:40
5,2025-08-19 23:28:40
5,2025-08-19 23:28:40
5,2025-08-19 23:28:40
5,2025-08-19 23:28:40
5,2025-08-19 23:28:40
5,2025-08-19 23:28:40
5,2025-08-19 23:28:41
5,2025-08-19 23:28:41
5,2025-08-19 23:28:41
5,2025-08-19 23:28:41
5,2025-08-19 23:28:41
5,2025-08-19 23:28:42
5,2025-08-19 23:28:42
5,2025-08-19 23:28:42
5,2025-08-19 23:28:42
5,2025-08-19 23:28:42
5,2025-08-19 23:28:42
5,2025-08-19 23:28:42
5,2025-08-19 23:28:42
5,2025-08-19 23:28:42
5,2025-08-19 23:28:42
5,2025-08-19 23:28:42
5,2025-08-19 23:28:42
5,2025-08-19 23:28:42
5,2025-08-19 23:28:42
5,2025-08-19 23:28:43
5,2025-08-19 23:28:43
5,2025-08-19 23:28:43
5,2025-08-19 23:28:43
5,2025-08-19 23:28:43
5,2025-08-19 23:28:43
5,2025-08-19 23:28:43
5,2025-08-19 23:28:43
5,2025-08-19 23:28:43
2,2025-08-19 23:36:22
1,2025-08-19 23:36:22
2,2025-08-19 23:36:22
1,2025-08-19 23:36:22
2,2025-08-19 23:36:22
1,2025-08-19 23:36:22
2,2025-08-19 23:36:22
1,2025-08-19 23:36:23
2,2025-08-19 23:36:23
1,2025-08-19 23:36:23
2,2025-08-19 23:36:23
1,2025-08-19 23:36:23
2,2025-08-19 23:36:23
1,2025-08-19 23:36:23
2,2025-08-19 23:36:23
1,2025-08-19 23:36:23
2,2025-08-19 23:36:23
1,2025-08-19 23:36:23
2,2025-08-19 23:36:23
1,2025-08-19 23:36:23
2,2025-08-19 23:36:23
1,2025-08-19 23:36:23
2,2025-08-19 23:36:23
1,2025-08-19 23:36:23
2,2025-08-19 23:36:23
1,2025-08-19 23:36:23
2,2025-08-19 23:36:24
1,2025-08-19 23:36:24
2,2025-08-19 23:36:24
1,2025-08-19 23:36:24
2,2025-08-19 23:36:24
1,2025-08-19 23:36:24
2,2025-08-19 23:36:24
1,2025-08-19 23:36:24
2,2025-08-19 23:36:24
1,2025-08-19 23:36:24
2,2025-08-19 23:36:24
1,2025-08-19 23:36:24
2,2025-08-19 23:36:24
1,2025-08-19 23:36:24
2,2025-08-19 23:36:24
1,2025-08-19 23:36:24
2,2025-08-19 23:36:24
1,2025-08-19 23:36:24
2,2025-08-19 23:36:25
1,2025-08-19 23:36:25
2,2025-08-19 23:36:25
1,2025-08-19 23:36:25
2,2025-08-19 23:36:25
1,2025-08-19 23:36:25
2,2025-08-19 23:36:25
1,2025-08-19 23:36:25
2,2025-08-19 23:36:25
1,2025-08-19 23:36:25
2,2025-08-19 23:36:25
1,2025-08-19 23:36:25
2,2025-08-19 23:36:25
1,2025-08-19 23:36:25
2,2025-08-19 23:36:25
1,2025-08-19 23:36:25
2,2025-08-19 23:36:25
1,2025-08-19 23:36:25
2,2025-08-19 23:36:25
1,2025-08-19 23:36:25
1,2025-08-19 23:36:26
2,2025-08-19 23:36:26
2,2025-08-19 23:36:26
1,2025-08-19 23:36:26
2,2025-08-19 23:36:26
1,2025-08-19 23:36:26
2,2025-08-19 23:36:26
1,2025-08-19 23:36:26
2,2025-08-19 23:36:26
1,2025-08-19 23:36:26
2,2025-08-19 23:36:26
1,2025-08-19 23:36:26
2,2025-08-19 23:36:26
1,2025-08-19 23:36:26
2,2025-08-19 23:36:26
1,2025-08-19 23:36:26
2,2025-08-19 23:36:26
1,2025-08-19 23:36:26
2,2025-08-19 23:36:26
1,2025-08-19 23:36:26
2,2025-08-19 23:36:27
1,2025-08-19 23:36:27
2,2025-08-19 23:36:27
1,2025-08-19 23:36:27
2,2025-08-19 23:36:27
1,2025-08-19 23:36:27
2,2025-08-19 23:36:27
1,2025-08-19 23:36:27
2,2025-08-19 23:36:27
1,2025-08-19 23:36:27
2,2025-08-19 23:36:27
1,2025-08-19 23:36:27
2,2025-08-19 23:36:27
1,2025-08-19 23:36:27
2,2025-08-19 23:36:27
1,2025-08-19 23:36:27
2,2025-08-19 23:36:27
1,2025-08-19 23:36:27
2,2025-08-19 23:36:27
1,2025-08-19 23:36:27
2,2025-08-19 23:36:28
1,2025-08-19 23:36:28
2,2025-08-19 23:36:28
1,2025-08-19 23:36:28
2,2025-08-19 23:36:28
1,2025-08-19 23:36:28
2,2025-08-19 23:36:28
1,2025-08-19 23:36:28
2,2025-08-19 23:36:28
1,2025-08-19 23:36:28
2,2025-08-19 23:36:28
1,2025-08-19 23:36:28
2,2025-08-19 23:36:28
1,2025-08-19 23:36:28
1,2025-08-19 23:36:28
2,2025-08-19 23:36:28
1,2025-08-19 23:36:28
2,2025-08-19 23:36:28
1,2025-08-19 23:36:28
2,2025-08-19 23:36:28
2,2025-08-19 23:36:29
1,2025-08-19 23:36:29
1,2025-08-19 23:36:29
2,2025-08-19 23:36:29
2,2025-08-19 23:36:29
1,2025-08-19 23:36:29
2,2025-08-19 23:36:29
1,2025-08-19 23:36:29
2,2025-08-19 23:36:29
1,2025-08-19 23:36:29
2,2025-08-19 23:36:29
1,2025-08-19 23:36:29
1,2025-08-19 23:36:29
2,2025-08-19 23:36:29
2,2025-08-19 23:36:29
1,2025-08-19 23:36:29
2,2025-08-19 23:36:29
1,2025-08-19 23:36:29
1,2025-08-19 23:36:29
2,2025-08-19 23:36:29
1,2025-08-19 23:36:30
2,2025-08-19 23:36:30
1,2025-08-19 23:36:30
2,2025-08-19 23:36:30
1,2025-08-19 23:36:30
2,2025-08-19 23:36:30
1,2025-08-19 23:36:30
2,2025-08-19 23:36:30
1,2025-08-19 23:36:30
2,2025-08-19 23:36:30
2,2025-08-19 23:36:30
1,2025-08-19 23:36:30
1,2025-08-19 23:36:30
2,2025-08-19 23:36:30
2,2025-08-19 23:36:30
1,2025-08-19 23:36:30
2,2025-08-19 23:36:30
1,2025-08-19 23:36:30
2,2025-08-19 23:36:30
1,2025-08-19 23:36:30
2,2025-08-19 23:36:31
1,2025-08-19 23:36:31
2,2025-08-19 23:36:31
1,2025-08-19 23:36:31
1,2025-08-19 23:36:31
2,2025-08-19 23:36:31
1,2025-08-19 23:36:31
2,2025-08-19 23:36:31
2,2025-08-19 23:36:31
1,2025-08-19 23:36:31
1,2025-08-19 23:36:31
2,2025-08-19 23:36:31
2,2025-08-19 23:36:31
1,2025-08-19 23:36:31
2,2025-08-19 23:36:31
1,2025-08-19 23:36:31
2,2025-08-19 23:36:31
1,2025-08-19 23:36:31
2,2025-08-19 23:36:31
1,2025-08-19 23:36:31
2,2025-08-19 23:36:32
1,2025-08-19 23:36:32
2,2025-08-19 23:36:32
1,2025-08-19 23:36:32
2,2025-08-19 23:36:32
1,2025-08-19 23:36:32
2,2025-08-19 23:36:32
1,2025-08-19 23:36:32
2,2025-08-19 23:36:32
1,2025-08-19 23:36:32
2,2025-08-19 23:36:32
2,2025-08-19 23:36:32
2,2025-08-19 23:36:32
2,2025-08-19 23:36:33
2,2025-08-19 23:36:33
2,2025-08-19 23:36:33
2,2025-08-19 23:36:33
2,2025-08-19 23:36:33
2,2025-08-19 23:36:33
2,2025-08-19 23:36:33
2,2025-08-19 23:36:33
2,2025-08-19 23:36:33
2,2025-08-19 23:36:33
2,2025-08-19 23:36:33
2,2025-08-19 23:36:33
2,2025-08-19 23:36:33
2,2025-08-19 23:36:34
2,2025-08-19 23:36:34
2,2025-08-19 23:36:34
2,2025-08-19 23:36:34
2,2025-08-19 23:36:34
2,2025-08-19 23:36:34
2,2025-08-19 23:36:34
2,2025-08-19 23:36:34
2,2025-08-19 23:36:34
2,2025-08-19 23:36:34
2,2025-08-19 23:36:34
2,2025-08-19 23:36:34
2,2025-08-19 23:36:35
2,2025-08-19 23:36:35
2,2025-08-19 23:36:35
1,2025-08-19 23:36:35
2,2025-08-19 23:36:35
1,2025-08-19 23:36:35
2,2025-08-19 23:36:35
1,2025-08-19 23:36:35
2,2025-08-19 23:36:35
1,2025-08-19 23:36:35
2,2025-08-19 23:36:35
1,2025-08-19 23:36:35
2,2025-08-19 23:36:35
1,2025-08-19 23:36:35
2,2025-08-19 23:36:35
1,2025-08-19 23:36:35
2,2025-08-19 23:36:35
1,2025-08-19 23:36:35
2,2025-08-19 23:36:35
1,2025-08-19 23:36:36
2,2025-08-19 23:36:36
1,2025-08-19 23:36:36
2,2025-08-19 23:36:36
1,2025-08-19 23:36:36
1,2025-08-19 23:36:36
2,2025-08-19 23:36:36
2,2025-08-19 23:36:36
1,2025-08-19 23:36:36
2,2025-08-19 23:36:36
1,2025-08-19 23:36:36
2,2025-08-19 23:36:36
1,2025-08-19 23:36:36
2,2025-08-19 23:36:36
1,2025-08-19 23:36:36
2,2025-08-19 23:36:36
1,2025-08-19 23:36:36
2,2025-08-19 23:36:36
1,2025-08-19 23:36:36
2,2025-08-19 23:36:37
1,2025-08-19 23:36:37
2,2025-08-19 23:36:37
1,2025-08-19 23:36:37
2,2025-08-19 23:36:37
1,2025-08-19 23:36:37
2,2025-08-19 23:36:37
1,2025-08-19 23:36:37
2,2025-08-19 23:36:37
1,2025-08-19 23:36:37
2,2025-08-19 23:36:37
1,2025-08-19 23:36:37
2,2025-08-19 23:36:37
1,2025-08-19 23:36:37
2,2025-08-19 23:36:37
1,2025-08-19 23:36:37
2,2025-08-19 23:36:37
1,2025-08-19 23:36:37
2,2025-08-19 23:36:37
1,2025-08-19 23:36:37
2,2025-08-19 23:36:38
1,2025-08-19 23:36:38
2,2025-08-19 23:36:38
1,2025-08-19 23:36:38
2,2025-08-19 23:36:38
2,2025-08-19 23:36:38
1,2025-08-19 23:36:38
2,2025-08-19 23:36:38
1,2025-08-19 23:36:38
2,2025-08-19 23:36:38
1,2025-08-19 23:36:38
2,2025-08-19 23:36:38
1,2025-08-19 23:36:38
2,2025-08-19 23:36:38
1,2025-08-19 23:36:38
2,2025-08-19 23:36:38
1,2025-08-19 23:36:38
1,2025-08-19 23:36:38
2,2025-08-19 23:36:38
1,2025-08-19 23:36:39
2,2025-08-19 23:36:39
2,2025-08-19 23:36:39
1,2025-08-19 23:36:39
2,2025-08-19 23:36:39
1,2025-08-19 23:36:39
1,2025-08-19 23:36:39
2,2025-08-19 23:36:39
1,2025-08-19 23:36:39
2,2025-08-19 23:36:39
2,2025-08-19 23:36:39
1,2025-08-19 23:36:39
2,2025-08-19 23:36:39
1,2025-08-19 23:36:39
2,2025-08-19 23:36:39
1,2025-08-19 23:36:39
2,2025-08-19 23:36:39
2,2025-08-19 23:36:39
1,2025-08-19 23:36:39
1,2025-08-19 23:36:39
2,2025-08-19 23:36:40
2,2025-08-19 23:36:40
1,2025-08-19 23:36:40
1,2025-08-19 23:36:40
2,2025-08-19 23:36:40
2,2025-08-19 23:36:40
1,2025-08-19 23:36:40
2,2025-08-19 23:36:40
1,2025-08-19 23:36:40
2,2025-08-19 23:36:40
1,2025-08-19 23:36:40
2,2025-08-19 23:36:40
1,2025-08-19 23:36:40
2,2025-08-19 23:36:40
1,2025-08-19 23:36:40
2,2025-08-19 23:36:40
1,2025-08-19 23:36:40
2,2025-08-19 23:36:40
1,2025-08-19 23:36:40
2,2025-08-19 23:36:41
1,2025-08-19 23:36:41
2,2025-08-19 23:36:41
1,2025-08-19 23:36:41
2,2025-08-19 23:36:41
1,2025-08-19 23:36:41
2,2025-08-19 23:36:41
1,2025-08-19 23:36:41
2,2025-08-19 23:36:41
1,2025-08-19 23:36:41
2,2025-08-19 23:36:41
1,2025-08-19 23:36:41
2,2025-08-19 23:36:41
1,2025-08-19 23:36:41
2,2025-08-19 23:36:41
1,2025-08-19 23:36:41
2,2025-08-19 23:36:41
1,2025-08-19 23:36:41
2,2025-08-19 23:36:42
1,2025-08-19 23:36:42
2,2025-08-19 23:36:42
2,2025-08-19 23:36:42
1,2025-08-19 23:36:42
2,2025-08-19 23:36:42
1,2025-08-19 23:36:42
2,2025-08-19 23:36:42
1,2025-08-19 23:36:42
1,2025-08-19 23:36:42
2,2025-08-19 23:36:42
2,2025-08-19 23:36:42
1,2025-08-19 23:36:42
2,2025-08-19 23:36:42
1,2025-08-19 23:36:42
2,2025-08-19 23:36:43
1,2025-08-19 23:36:43
2,2025-08-19 23:36:43
1,2025-08-19 23:36:43
2,2025-08-19 23:36:43
1,2025-08-19 23:36:43
2,2025-08-19 23:36:43
1,2025-08-19 23:36:43
2,2025-08-19 23:36:43
1,2025-08-19 23:36:43
2,2025-08-19 23:36:43
1,2025-08-19 23:36:43
2,2025-08-19 23:36:43
1,2025-08-19 23:36:43
2,2025-08-19 23:36:43
2,2025-08-19 23:36:43
1,2025-08-19 23:36:43
2,2025-08-19 23:36:44
1,2025-08-19 23:36:44
1,2025-08-19 23:36:44
2,2025-08-19 23:36:44
1,2025-08-19 23:36:44
2,2025-08-19 23:36:44
2,2025-08-19 23:36:44
1,2025-08-19 23:36:44
2,2025-08-19 23:36:44
1,2025-08-19 23:36:44
1,2025-08-19 23:36:44
1,2025-08-19 23:36:44
1,2025-08-19 23:36:44
1,2025-08-19 23:36:44
1,2025-08-19 23:36:44
1,2025-08-19 23:36:44
1,2025-08-19 23:36:45
1,2025-08-19 23:36:45
1,2025-08-19 23:36:45
1,2025-08-19 23:36:45
2,2025-08-19 23:36:45
1,2025-08-19 23:36:45
1,2025-08-19 23:36:45
1,2025-08-19 23:36:45
1,2025-08-19 23:36:45
1,2025-08-19 23:36:45
1,2025-08-19 23:36:46
2,2025-08-19 23:36:46
1,2025-08-19 23:36:46
2,2025-08-19 23:36:46
1,2025-08-19 23:36:46
2,2025-08-19 23:36:46
1,2025-08-19 23:36:46
2,2025-08-19 23:36:46
1,2025-08-19 23:36:46
2,2025-08-19 23:36:46
1,2025-08-19 23:36:46
2,2025-08-19 23:36:46
1,2025-08-19 23:36:46
1,2025-08-19 23:36:46
2,2025-08-19 23:36:46
2,2025-08-19 23:36:46
1,2025-08-19 23:36:46
1,2025-08-19 23:36:46
2,2025-08-19 23:36:46
2,2025-08-19 23:36:47
1,2025-08-19 23:36:47
2,2025-08-19 23:36:47
1,2025-08-19 23:36:47
2,2025-08-19 23:36:47
1,2025-08-19 23:36:47
2,2025-08-19 23:36:47
2,2025-08-19 23:36:47
1,2025-08-19 23:36:47
1,2025-08-19 23:36:47
2,2025-08-19 23:36:47
1,2025-08-19 23:36:47
1,2025-08-19 23:36:47
2,2025-08-19 23:36:47
1,2025-08-19 23:36:47
2,2025-08-19 23:36:47
2,2025-08-19 23:36:47
1,2025-08-19 23:36:47
2,2025-08-19 23:36:48
1,2025-08-19 23:36:48
2,2025-08-19 23:36:48
1,2025-08-19 23:36:48
2,2025-08-19 23:36:48
1,2025-08-19 23:36:48
2,2025-08-19 23:36:48
1,2025-08-19 23:36:48
2,2025-08-19 23:36:48
1,2025-08-19 23:36:48
2,2025-08-19 23:36:48
2,2025-08-19 23:36:48
1,2025-08-19 23:36:48
2,2025-08-19 23:36:48
2,2025-08-19 23:36:48
1,2025-08-19 23:36:48
2,2025-08-19 23:36:48
1,2025-08-19 23:36:48
2,2025-08-19 23:36:48
1,2025-08-19 23:36:48
2,2025-08-19 23:36:49
1,2025-08-19 23:36:49
2,2025-08-19 23:36:49
1,2025-08-19 23:36:49
2,2025-08-19 23:36:49
1,2025-08-19 23:36:49
2,2025-08-19 23:36:49
2,2025-08-19 23:36:49
1,2025-08-19 23:36:49
2,2025-08-19 23:36:49
1,2025-08-19 23:36:49
2,2025-08-19 23:36:49
2,2025-08-19 23:36:49
1,2025-08-19 23:36:49
2,2025-08-19 23:36:49
1,2025-08-19 23:36:49
2,2025-08-19 23:36:49
1,2025-08-19 23:36:49
2,2025-08-19 23:36:49
2,2025-08-19 23:36:49
1,2025-08-19 23:36:49
2,2025-08-19 23:36:50
1,2025-08-19 23:36:50
2,2025-08-19 23:36:50
1,2025-08-19 23:36:50
2,2025-08-19 23:36:50
2,2025-08-19 23:36:50
1,2025-08-19 23:36:50
2,2025-08-19 23:36:50
2,2025-08-19 23:36:50
1,2025-08-19 23:36:50
2,2025-08-19 23:36:50
1,2025-08-19 23:36:50
2,2025-08-19 23:36:50
2,2025-08-19 23:36:50
1,2025-08-19 23:36:50
2,2025-08-19 23:36:50
1,2025-08-19 23:36:50
2,2025-08-19 23:36:50
1,2025-08-19 23:36:50
2,2025-08-19 23:36:51
1,2025-08-19 23:36:51
2,2025-08-19 23:36:51
1,2025-08-19 23:36:51
2,2025-08-19 23:36:51
1,2025-08-19 23:36:51
1,2025-08-19 23:36:51
2,2025-08-19 23:36:51
1,2025-08-19 23:36:51
2,2025-08-19 23:36:51
2,2025-08-19 23:36:51
2,2025-08-19 23:36:51
2,2025-08-19 23:36:51
2,2025-08-19 23:36:51
2,2025-08-19 23:36:51
2,2025-08-19 23:36:51
2,2025-08-19 23:36:51
2,2025-08-19 23:36:52
2,2025-08-19 23:36:52
2,2025-08-19 23:36:52
2,2025-08-19 23:36:52
2,2025-08-19 23:36:52
2,2025-08-19 23:36:52
2,2025-08-19 23:36:52
2,2025-08-19 23:36:52
2,2025-08-19 23:36:52
2,2025-08-19 23:36:52
2,2025-08-19 23:36:52
2,2025-08-19 23:36:52
2,2025-08-19 23:36:52
2,2025-08-19 23:36:53
2,2025-08-19 23:36:53
2,2025-08-19 23:36:53
2,2025-08-19 23:36:53
2,2025-08-19 23:36:53
2,2025-08-19 23:36:53
2,2025-08-19 23:36:53
2,2025-08-19 23:36:53
2,2025-08-19 23:36:53
2,2025-08-19 23:36:53
2,2025-08-19 23:36:53
2,2025-08-19 23:36:53
2,2025-08-19 23:36:54
2,2025-08-19 23:36:54
2,2025-08-19 23:36:54
2,2025-08-19 23:36:54
2,2025-08-19 23:36:54
2,2025-08-19 23:36:54
2,2025-08-19 23:36:54
2,2025-08-19 23:36:54
2,2025-08-19 23:36:54
2,2025-08-19 23:36:54
2,2025-08-19 23:36:54
2,2025-08-19 23:36:54
2,2025-08-19 23:36:54
2,2025-08-19 23:36:55
2,2025-08-19 23:36:55
2,2025-08-19 23:36:55
2,2025-08-19 23:36:55
2,2025-08-19 23:36:55
2,2025-08-19 23:36:55
2,2025-08-19 23:36:55
2,2025-08-19 23:36:55
1,2025-08-19 23:36:55
2,2025-08-19 23:36:55
1,2025-08-19 23:36:55
1,2025-08-19 23:36:55
1,2025-08-19 23:36:55
1,2025-08-19 23:36:55
1,2025-08-19 23:36:56
1,2025-08-19 23:36:56
1,2025-08-19 23:36:56
1,2025-08-19 23:36:56
1,2025-08-19 23:36:56
1,2025-08-19 23:36:56
1,2025-08-19 23:36:56
1,2025-08-19 23:36:56
1,2025-08-19 23:36:56
1,2025-08-19 23:36:56
1,2025-08-19 23:36:56
1,2025-08-19 23:36:56
1,2025-08-19 23:36:57
1,2025-08-19 23:36:57
1,2025-08-19 23:36:57
1,2025-08-19 23:36:57
1,2025-08-19 23:36:57
1,2025-08-19 23:36:57
1,2025-08-19 23:36:57
1,2025-08-19 23:36:57
1,2025-08-19 23:36:57
1,2025-08-19 23:36:57
1,2025-08-19 23:36:57
1,2025-08-19 23:36:58
1,2025-08-19 23:36:58
1,2025-08-19 23:36:58
1,2025-08-19 23:36:58
1,2025-08-19 23:36:58
1,2025-08-19 23:36:58
1,2025-08-19 23:36:58
1,2025-08-19 23:36:58
1,2025-08-19 23:36:58
1,2025-08-19 23:36:58
1,2025-08-19 23:36:58
1,2025-08-19 23:36:58
1,2025-08-19 23:36:58
1,2025-08-19 23:36:59
1,2025-08-19 23:36:59
1,2025-08-20 00:21:51
1,2025-08-20 00:21:51
1,2025-08-20 00:21:51
1,2025-08-20 00:21:51
1,2025-08-20 00:21:51
1,2025-08-20 00:21:51
1,2025-08-20 00:21:51
1,2025-08-20 00:21:52
1,2025-08-20 00:21:52
1,2025-08-20 00:21:52
1,2025-08-20 00:21:52
1,2025-08-20 00:21:52
1,2025-08-20 00:21:52
1,2025-08-20 00:21:52
1,2025-08-20 00:21:52
1,2025-08-20 00:21:52
1,2025-08-20 00:21:52
1,2025-08-20 00:21:52
1,2025-08-20 00:21:52
1,2025-08-20 00:21:53
1,2025-08-20 00:21:53
1,2025-08-20 00:21:53
1,2025-08-20 00:21:53
1,2025-08-20 00:21:53
1,2025-08-20 00:21:53
1,2025-08-20 00:21:53
1,2025-08-20 00:21:53
1,2025-08-20 00:21:53
1,2025-08-20 00:21:53
1,2025-08-20 00:21:53
1,2025-08-20 00:21:53
1,2025-08-20 00:21:54
1,2025-08-20 00:21:54
1,2025-08-20 00:21:54
1,2025-08-20 00:21:54
1,2025-08-20 00:21:54
1,2025-08-20 00:21:54
1,2025-08-20 00:21:54
1,2025-08-20 00:21:54
1,2025-08-20 00:21:54
1,2025-08-20 00:21:54
1,2025-08-20 00:22:04
1,2025-08-20 00:22:04
1,2025-08-20 00:22:04
1,2025-08-20 00:22:04
1,2025-08-20 00:22:04
1,2025-08-20 00:22:04
1,2025-08-20 00:22:04
1,2025-08-20 00:22:04
1,2025-08-20 00:22:04
1,2025-08-20 00:22:05
1,2025-08-20 00:22:05
1,2025-08-20 00:22:05
1,2025-08-20 00:22:05
1,2025-08-20 00:22:05
1,2025-08-20 00:22:05
1,2025-08-20 00:22:05
1,2025-08-20 00:22:05
1,2025-08-20 00:22:05
1,2025-08-20 00:22:05
1,2025-08-20 00:22:05
1,2025-08-20 00:22:05
1,2025-08-20 00:22:06
1,2025-08-20 00:22:06
1,2025-08-20 00:22:06
1,2025-08-20 00:22:06
1,2025-08-20 00:22:06
1,2025-08-20 00:22:06
1,2025-08-20 00:22:06
1,2025-08-20 00:22:06
1,2025-08-20 00:22:06
1,2025-08-20 00:22:06
1,2025-08-20 00:22:06
1,2025-08-20 00:22:07
1,2025-08-20 00:22:07
1,2025-08-20 00:22:07
1,2025-08-20 00:22:07
1,2025-08-20 00:22:07
1,2025-08-20 00:22:07
1,2025-08-20 00:22:07
1,2025-08-20 00:22:07
1,2025-08-20 00:22:07
1,2025-08-20 00:22:07
1,2025-08-20 00:22:07
1,2025-08-20 00:22:07
1,2025-08-20 00:22:08
1,2025-08-20 00:22:08
1,2025-08-20 00:22:08
1,2025-08-20 00:22:08
1,2025-08-20 00:22:08
1,2025-08-20 00:22:08
1,2025-08-20 00:22:08
1,2025-08-20 00:22:08
1,2025-08-20 00:22:08
1,2025-08-20 00:22:08
1,2025-08-20 00:22:08
1,2025-08-20 00:22:09
1,2025-08-20 00:22:09
1,2025-08-20 00:22:09
1,2025-08-20 00:22:09
1,2025-08-20 00:22:13
1,2025-08-20 00:22:13
1,2025-08-20 00:22:13
1,2025-08-20 00:22:13
1,2025-08-20 00:22:14
1,2025-08-20 00:22:14
1,2025-08-20 00:22:14
1,2025-08-20 00:22:14
1,2025-08-20 00:22:14
1,2025-08-20 00:22:14
1,2025-08-20 00:22:14
1,2025-08-20 00:22:14
1,2025-08-20 00:22:14
1,2025-08-20 00:22:14
1,2025-08-20 00:22:14
1,2025-08-20 00:22:15
1,2025-08-20 00:22:15
1,2025-08-20 00:22:15
1,2025-08-20 00:22:15
1,2025-08-20 00:22:15
1,2025-08-20 00:22:15
1,2025-08-20 00:22:15
1,2025-08-20 00:22:15
1,2025-08-20 00:22:15
1,2025-08-20 00:22:15
1,2025-08-20 00:22:15
1,2025-08-20 00:22:16
1,2025-08-20 00:22:16
1,2025-08-20 00:22:16
1,2025-08-20 00:22:16
1,2025-08-20 00:22:16
1,2025-08-20 00:22:16
1,2025-08-20 00:22:16
1,2025-08-20 00:22:16
1,2025-08-20 00:22:16
1,2025-08-20 00:22:16
1,2025-08-20 00:22:16
1,2025-08-20 00:22:16
1,2025-08-20 00:22:17
1,2025-08-20 00:22:17
1,2025-08-20 00:22:17
1,2025-08-20 00:22:17
1,2025-08-20 00:22:17
1,2025-08-20 00:22:17
1,2025-08-20 00:22:17
1,2025-08-20 00:22:17
1,2025-08-20 00:22:17
1,2025-08-20 00:22:17
1,2025-08-20 00:22:17
1,2025-08-20 00:22:17
1,2025-08-20 00:22:18
1,2025-08-20 00:22:18
1,2025-08-20 00:22:18
1,2025-08-20 00:22:18
1,2025-08-20 00:22:18
1,2025-08-20 00:22:18
1,2025-08-20 00:22:18
1,2025-08-20 00:22:18
1,2025-08-20 00:22:18
1,2025-08-20 00:22:18
1,2025-08-20 00:22:18
1,2025-08-20 00:22:18
1,2025-08-20 00:22:19
1,2025-08-20 00:22:19
1,2025-08-20 00:22:19
1,2025-08-20 00:22:19
1,2025-08-20 00:22:19
1,2025-08-20 00:22:20
1,2025-08-20 00:22:20
1,2025-08-20 00:22:21
1,2025-08-20 00:22:21
1,2025-08-20 00:22:21
1,2025-08-20 00:22:21
1,2025-08-20 00:22:21
1,2025-08-20 00:22:21
1,2025-08-20 00:22:21
1,2025-08-20 00:22:21
1,2025-08-20 00:22:21
1,2025-08-20 00:22:21
1,2025-08-20 00:22:21
1,2025-08-20 00:22:21
1,2025-08-20 00:22:22
1,2025-08-20 00:22:22
1,2025-08-20 00:22:22
1,2025-08-20 00:22:24
1,2025-08-20 00:22:24
1,2025-08-20 00:22:24
1,2025-08-20 00:22:24
1,2025-08-20 00:22:25
1,2025-08-20 00:22:25
1,2025-08-20 00:22:25
1,2025-08-20 00:22:25
1,2025-08-20 00:22:25
1,2025-08-20 00:22:25
1,2025-08-20 00:22:25
1,2025-08-20 00:22:25
1,2025-08-20 00:22:25
1,2025-08-20 00:22:25
1,2025-08-20 00:22:25
1,2025-08-20 00:22:26
1,2025-08-20 00:22:26
1,2025-08-20 00:22:26
1,2025-08-20 00:22:26
1,2025-08-20 00:22:26
1,2025-08-20 00:22:26
1,2025-08-20 00:22:26
1,2025-08-20 00:22:26
1,2025-08-20 00:22:26
1,2025-08-20 00:22:26
1,2025-08-20 00:22:26
1,2025-08-20 00:22:26
1,2025-08-20 00:22:27
1,2025-08-20 00:22:27
1,2025-08-20 00:22:27
1,2025-08-20 00:22:27
1,2025-08-20 00:22:27
1,2025-08-20 00:22:27
1,2025-08-20 00:22:27
1,2025-08-20 00:22:27
1,2025-08-20 00:22:27
1,2025-08-20 00:22:27
1,2025-08-20 00:22:27
1,2025-08-20 00:22:28
1,2025-08-20 00:22:28
1,2025-08-20 00:22:28
1,2025-08-20 00:22:28
1,2025-08-20 00:22:28
1,2025-08-20 00:22:28
1,2025-08-20 00:22:28
1,2025-08-20 00:22:28
1,2025-08-20 00:22:28
1,2025-08-20 00:22:28
1,2025-08-20 00:22:28
1,2025-08-20 00:22:29
1,2025-08-20 00:22:29
1,2025-08-20 00:22:29
1,2025-08-20 00:22:29
1,2025-08-20 00:22:29
1,2025-08-20 00:22:29
1,2025-08-20 00:22:29
1,2025-08-20 00:22:29
1,2025-08-20 00:22:29
1,2025-08-20 00:22:29
1,2025-08-20 00:22:29
1,2025-08-20 00:22:30
1,2025-08-20 00:22:30
1,2025-08-20 00:22:30
1,2025-08-20 00:22:30
1,2025-08-20 00:22:30
1,2025-08-20 00:22:30
1,2025-08-20 00:22:30
1,2025-08-20 00:22:30
1,2025-08-20 00:22:30
1,2025-08-20 00:22:30
1,2025-08-20 00:22:30
1,2025-08-20 00:22:30
1,2025-08-20 00:22:31
1,2025-08-20 00:22:31
1,2025-08-20 00:22:31
1,2025-08-20 00:22:31
1,2025-08-20 00:22:31
1,2025-08-20 00:22:31
1,2025-08-20 00:22:31
1,2025-08-20 00:22:31
1,2025-08-20 00:22:31
1,2025-08-20 00:22:31
1,2025-08-20 00:22:31
1,2025-08-20 00:22:32
1,2025-08-20 00:22:32
1,2025-08-20 00:22:32
1,2025-08-20 00:22:32
1,2025-08-20 00:22:32
1,2025-08-20 00:22:32
1,2025-08-20 00:22:32
1,2025-08-20 00:22:32
1,2025-08-20 00:22:32
1,2025-08-20 00:22:32
1,2025-08-20 00:22:32
1,2025-08-20 00:22:33
1,2025-08-20 00:22:33
1,2025-08-20 00:22:33
1,2025-08-20 00:22:33
1,2025-08-20 00:22:33
1,2025-08-20 00:22:33
1,2025-08-20 00:22:33
1,2025-08-20 00:22:33
1,2025-08-20 00:42:11
1,2025-08-20 00:42:11
1,2025-08-20 00:42:12
1,2025-08-20 00:42:12
1,2025-08-20 00:42:12
1,2025-08-20 00:42:12
1,2025-08-20 00:42:13
1,2025-08-20 00:42:13
1,2025-08-20 00:42:14
1,2025-08-20 00:42:14
1,2025-08-20 00:42:14
1,2025-08-20 00:42:14
1,2025-08-20 00:42:14
1,2025-08-20 00:42:15
1,2025-08-20 00:42:15
1,2025-08-20 00:42:15
1,2025-08-20 00:42:15
1,2025-08-20 00:42:15
1,2025-08-20 00:42:15
1,2025-08-20 00:42:16
1,2025-08-20 00:42:16
1,2025-08-20 00:42:16
1,2025-08-20 00:42:16
1,2025-08-20 00:42:16
1,2025-08-20 00:42:16
1,2025-08-20 00:42:16
1,2025-08-20 00:42:16
1,2025-08-20 00:42:16
1,2025-08-20 00:42:17
1,2025-08-20 00:42:17
1,2025-08-20 00:42:17
1,2025-08-20 00:42:20
1,2025-08-20 00:42:20
1,2025-08-20 00:53:24
1,2025-08-20 00:53:24
1,2025-08-20 00:53:25
1,2025-08-20 00:53:25
1,2025-08-20 00:53:25
1,2025-08-20 00:53:25
1,2025-08-20 00:53:25
1,2025-08-20 00:53:25
1,2025-08-20 00:53:26
1,2025-08-20 00:53:26
1,2025-08-20 00:53:26
1,2025-08-20 00:53:26
1,2025-08-20 00:53:26
1,2025-08-20 00:53:26
1,2025-08-20 00:53:27
1,2025-08-20 00:53:27
1,2025-08-20 00:53:27
1,2025-08-20 00:53:27
